,frame,RMS,abs rel,mean GT,mean pred,scaling factor,file number
frame1,1,0.4564642941348757,-0.12145346130308923,3.815333333333334,4.271797627468209,0.8931446819484727,1
frame2,2,0.4717074262983137,-0.12653488088766754,3.8008666666666664,4.272574092964981,0.8895964315574992,1
frame3,3,0.4498138711678341,-0.12126387672584502,3.7655000000000003,4.212046047246918,0.8939835789452516,1
frame4,4,0.41200170273695946,-0.10830290721510695,3.7598125,4.155714238583574,0.9047331659843597,1
frame5,5,0.4762475526903581,-0.1299202312138118,3.7506875,4.226935052690358,0.8873302885533488,1
frame6,6,0.4704290069559377,-0.12840793732591504,3.71875,4.189179006955937,0.8877037705538933,1
frame7,7,0.4811255492992377,-0.13321943103865075,3.6935882352941176,4.174713784593356,0.8847524467246554,1
frame8,8,0.5213769417370294,-0.14386887685582397,3.6758235294117645,4.197200471148794,0.8757798334101667,1
frame9,9,0.5014779613895124,-0.13889738815749567,3.6668235294117646,4.1683014908012765,0.8796924928544186,1
frame10,10,0.5739881169784579,-0.15955293633201942,3.649529411764706,4.223517528743165,0.8640971386830573,1
frame11,11,0.5305827543691559,-0.14719932737866698,3.6491249999999997,4.179707754369156,0.8730574514893955,1
frame12,12,0.5114023781327621,-0.1436279700466941,3.6328750000000003,4.144277378132762,0.8766003499593991,1
frame13,13,0.527473331802094,-0.14820551816560365,3.607764705882353,4.135238037684447,0.872444263910511,1
frame14,14,0.5511275779308603,-0.15667709270845104,3.5771176470588237,4.1282452249896835,0.8664983430260645,1
frame15,15,0.49656065466078114,-0.14072097941884165,3.5761764705882353,4.069845648927663,0.8787007614233475,1
frame16,16,0.4517634237357041,-0.12703034625503024,3.5663529411764703,4.0079725907284605,0.8898147031809605,1
frame17,17,0.4569754788861761,-0.12227271600993295,3.56,3.9825060174509637,0.8939095093391994,1
frame18,18,0.442908188275186,-0.11898326947914016,3.5315294117647054,3.937032329327456,0.8970028987209204,1
frame19,19,0.47261236374347354,-0.1319834143406588,3.506176470588235,3.954083008375384,0.8867230311456763,1
frame20,20,0.43255223559406203,-0.11677339288574351,3.5016470588235293,3.891628269771414,0.899789706540807,1
frame21,21,0.4516929769407576,-0.12264517615012253,3.491117647058824,3.901459276205772,0.8948235518823583,1
frame22,22,0.4685602001555387,-0.13506235452890492,3.4705882352941173,3.923470786612493,0.8845709383478315,1
frame23,23,0.6369520843984042,-0.1864098693057327,3.450529411764706,4.074823211191803,0.8467924209049296,1
frame24,24,0.6227778657884978,-0.18513903572780496,3.432941176470589,4.051683744936807,0.8472875457667616,1
frame25,25,0.5691972112608692,-0.16945841284169413,3.406529411764706,3.9710067301708185,0.8578503244234413,1
frame26,26,0.5514829793153462,-0.1636065567013062,3.3921764705882356,3.9358475697902957,0.8618668305716354,1
frame27,27,0.5436440844444698,-0.16434668818101222,3.39725,3.9408940844444693,0.8620505720794818,1
frame28,28,0.5764277307882067,-0.17596940241513928,3.358411764705882,3.9348394954940895,0.8535066725216383,1
frame29,29,0.607727682486569,-0.1866943800144219,3.314705882352941,3.92243356483951,0.8450636135856555,1
frame30,30,0.5503853902327264,-0.17006102290068772,3.2966470588235297,3.847032449056255,0.8569324804193569,1
frame31,31,0.5774458876960422,-0.1777182635634472,3.304705882352941,3.8821517700489827,0.8512562305907078,1
frame32,32,0.5458684925875164,-0.16922061768826643,3.2748823529411766,3.8207508455286936,0.8571305707551358,1
frame33,33,0.6283116261902876,-0.19624864455036373,3.250529411764706,3.878841037954994,0.8380156288844601,1
frame34,34,0.6374931991738237,-0.19798670083383763,3.2568125000000006,3.894305699173824,0.8363011924541344,1
frame35,35,0.6274424633522373,-0.19616460021363796,3.2296875,3.8571299633522376,0.8373291879418742,1
frame36,36,0.49386364317489295,-0.15555140669478143,3.2190624999999997,3.712926143174893,0.8669880239652183,1
frame37,37,0.490421240693797,-0.15539513435251215,3.189588235294118,3.6800094759879145,0.866733701667401,1
frame38,38,0.5745530006174492,-0.18118602211302667,3.211133333333334,3.7856863339507827,0.8482301622654936,1
frame39,39,0.619693929925783,-0.1952858587815425,3.2157999999999993,3.8354939299257826,0.8384317792577567,1
frame40,40,0.5925127809235398,-0.1898570247385804,3.1732500000000003,3.7657627809235397,0.8426579645629649,1
frame41,41,0.602217171244357,-0.19403547374010915,3.1627647058823527,3.76498187712671,0.8400477901625528,1
frame42,42,0.4018788507683034,-0.13122983054311702,3.151470588235294,3.553349439003598,0.886901398900696,1
frame43,43,0.41149768444893564,-0.13510842941165035,3.1353529411764702,3.5468506256254066,0.8839822344149669,1
frame44,44,0.3624562957267252,-0.12030010220170988,3.1307647058823527,3.4932210016090783,0.8962400902892294,1
frame45,45,0.3645670149620748,-0.12186195752511911,3.1279411764705887,3.4925081914326634,0.8956145569375098,1
frame46,46,0.46542125136634555,-0.15291792407668994,3.1267058823529412,3.5921271337192864,0.8704329679767073,1
frame47,47,0.3540516678792879,-0.11739118501224273,3.1069411764705883,3.4576128193956044,0.898579840704572,1
frame48,48,0.3774763594383117,-0.12721832697896387,3.086705882352941,3.4639639719321247,0.891090642790734,1
frame49,49,0.2782042927176915,-0.08628625567869094,3.0715294117647054,3.3248133604539505,0.9238201001891236,1
frame50,50,0.4161679022085712,-0.13982531441713783,3.069058823529412,3.4852267257379834,0.8805908668336492,1
frame51,51,0.4053559285968249,-0.13737350128038942,3.0520588235294115,3.457414752126237,0.8827575059233087,1
frame52,52,0.399628667934813,-0.1363428623424189,3.0291764705882356,3.4288051385230487,0.8834495832250904,1
frame53,53,0.4338381415771656,-0.14895279753787372,3.015,3.448838141577166,0.8742074508087033,1
frame54,54,0.47873977425330416,-0.16406037232421666,3.0006470588235294,3.479386833076834,0.8624068557993727,1
frame55,55,0.5097123966647537,-0.17366340881908043,2.9858124999999998,3.4955248966647536,0.8541814429211777,1
frame56,56,0.6018906842938376,-0.20791509465494193,2.9464375,3.5483281842938377,0.8303734454558009,1
frame57,57,0.5895775518121004,-0.2036032397589797,2.9387499999999998,3.5283275518121,0.8329016954479463,1
frame58,58,0.5744583136702325,-0.1997419645796563,2.916294117647059,3.4907524313172917,0.8354342437703461,1
frame59,59,0.62096649864791,-0.215177048953956,2.917882352941177,3.538848851589086,0.8245286745239006,1
frame60,60,0.6049160352293028,-0.21258945800331888,2.8813529411764707,3.4862689764057735,0.8264861261930079,1
frame61,61,0.590920114491081,-0.20883279874799365,2.863647058823529,3.45456717331461,0.8289452528074301,1
frame62,62,0.551293535976793,-0.19814061415977752,2.834058823529412,3.3853523595062045,0.837153277581656,1
frame63,63,0.42118790752858015,-0.15297873801061335,2.8089375,3.228118662042604,0.8701469165395036,1
frame64,64,0.3757007801734315,-0.13649516582013482,2.789764705882353,3.158081511243029,0.8833732428851383,1
frame65,65,0.3897914279081789,-0.14220242446134823,2.8120624999999997,3.1993354158101814,0.8789520742663016,1
frame66,66,0.38720645406244214,-0.14211635808987816,2.8048124999999997,3.1917958336903967,0.8787568648327478,1
frame67,67,0.3427498911994302,-0.12855985826657582,2.7741176470588234,3.1168675382582536,0.8900338602804522,1
frame68,68,0.3775684214973448,-0.1374396794786472,2.787,3.1573410398186574,0.8827047711513837,1
frame69,69,0.3642220912060225,-0.13151839894184864,2.7676250000000002,3.1166323201969535,0.8880178075754224,1
frame70,70,0.36850875761459817,-0.1397516918129435,2.7398823529411764,3.103396653030153,0.882865666000496,1
frame71,71,0.3835204447929069,-0.1442573751885744,2.7465624999999996,3.130082944792907,0.8774727534198676,1
frame72,72,0.3912970423490614,-0.14813152145132283,2.707705882352941,3.093346637811947,0.8753321885284134,1
frame73,73,0.3238734266198881,-0.12394982487186018,2.706823529411765,3.028006683398223,0.8939291793022051,1
frame74,74,0.3287149038770887,-0.12699941912817073,2.687,3.0139774822349694,0.8915129644590097,1
frame75,75,0.4416397500216071,-0.17023568759765378,2.6676470588235297,3.1092868088451366,0.8579610768729172,1
frame76,76,0.522798155604084,-0.20297763436431154,2.649,3.1717981556040837,0.8351729429313215,1
frame77,77,0.47178389117662306,-0.1832984278869573,2.6469411764705884,3.118725067647211,0.8487253986987254,1
frame78,78,0.4045136619481677,-0.15805302694135032,2.6323529411764706,3.0368666031246385,0.8667990021254266,1
frame79,79,0.5517239840545688,-0.21601819740330164,2.6085294117647058,3.1602533958192747,0.8254178020077602,1
frame80,80,0.4454904216122581,-0.17635167780920075,2.5947647058823526,3.040255127494611,0.85346939551768,1
frame81,81,0.4967799837577979,-0.19687124014262533,2.577941176470588,3.0747211602283864,0.8384308827142887,1
frame82,82,0.500911981658285,-0.19758775855274366,2.57575,3.076661981658285,0.8371897905442641,1
frame83,83,0.4867547464340569,-0.1961764988437007,2.5418235294117646,3.0285782758458217,0.8392794565304355,1
frame84,84,0.516544781204832,-0.20919635454614036,2.529235294117647,3.0457800753224795,0.8304064087259675,1
frame85,85,0.47470435841595815,-0.19184014150835382,2.5345625,3.009266858415958,0.8422524884795903,1
frame86,86,0.5430126352647627,-0.22430315613147417,2.489470588235294,3.0324832235000567,0.820934661383543,1
frame87,87,0.5185774086643202,-0.21630218131536344,2.4674375,2.98601490866432,0.8263312727744263,1
frame88,88,0.4747530115179619,-0.1970933705389797,2.465,2.9397530115179618,0.8385058167615177,1
frame89,89,0.4883508703802918,-0.20013283810319107,2.4886,2.9769508703802914,0.8359560195503304,1
frame90,90,0.5167759436103672,-0.21165879928074546,2.4825999999999997,2.9993759436103673,0.8277055116377572,1
frame91,91,0.5112542202589548,-0.21208463118915227,2.4480625,2.959316720258955,0.8272390999047179,1
frame92,92,0.37872580429693536,-0.15682417380942595,2.4356875000000002,2.8144133042969353,0.8654334799658915,1
frame93,93,0.32962598393434267,-0.1378149491172248,2.419625,2.749250983934343,0.880103349653938,1
frame94,94,0.35808502320926505,-0.1482327255530369,2.41875,2.776835023209265,0.8710456256074529,1
frame95,95,0.3650282012587445,-0.15352232830219809,2.4044999999999996,2.769528201258744,0.8681984169387262,1
frame96,96,0.4074761496863173,-0.17064990330110272,2.3966874999999996,2.804163649686317,0.8546888838916733,1
frame97,97,0.3862109932191133,-0.16332295397005414,2.3792666666666666,2.7654776598857804,0.8603456470391212,1
frame98,98,0.33656599650230073,-0.14340952476735686,2.366466666666667,2.703032663168968,0.8754857826587565,1
frame99,99,0.31436104842630924,-0.13839341525001492,2.324375,2.6387360484263094,0.8808668079500455,1
frame100,100,0.3656276046074942,-0.16423423564252104,2.2595882352941175,2.6252158399016117,0.8607247453522918,1
frame101,101,0.2797059523450953,-0.1282562674253958,2.247176470588235,2.5268824229333307,0.8893078879307732,1
frame102,102,0.3350876196578479,-0.15522415680096133,2.223235294117647,2.5583229137754953,0.8690205924148425,1
frame103,103,0.3740737500510684,-0.1737911377923489,2.208823529411765,2.582897279462833,0.8551728119327825,1
frame104,104,0.3865035229919536,-0.1798745938961353,2.1944117647058823,2.580915287697836,0.850245560234287,1
frame105,105,0.35753388820125204,-0.1665777690381244,2.175764705882353,2.5332985940836052,0.8588662666784503,1
frame106,106,0.3433403564624304,-0.15724703021578945,2.1796875,2.52302785646243,0.8639173342525706,1
frame107,107,0.37370013640706473,-0.17141100328100067,2.168125,2.5418251364070645,0.8529796046728456,1
frame108,108,0.4547027051426308,-0.21041479229766197,2.149,2.6037027051426307,0.8253630476918362,1
frame109,109,0.4230392895433481,-0.19762863176445625,2.1314,2.5544392895433483,0.8343905485344403,1
frame110,110,0.36607933609003346,-0.17239691461914072,2.1201333333333334,2.4862126694233666,0.8527562261297064,1
frame111,111,0.46760293276183784,-0.220199734535219,2.1279999999999997,2.595602932761838,0.8198480488445559,1
frame112,112,0.3741873473885594,-0.1795253411808767,2.1004375,2.4746248473885597,0.848790273085864,1
frame113,113,0.3660779640476913,-0.17664049360232695,2.0881875,2.4542654640476913,0.8508401110595681,1
frame114,114,0.37402861361096895,-0.1815037559302546,2.069866666666667,2.4438952802776357,0.8469539113932584,1
frame115,115,0.4030577984278242,-0.19395234269678122,2.0886666666666667,2.4917244650944914,0.8382414251358487,1
frame116,116,0.3772447511144258,-0.1746907439578811,2.0595624999999997,2.421004761489283,0.8507056792127323,1
frame117,117,0.3974119629381714,-0.1876709003681809,2.046375,2.4317381370337294,0.8415276993994916,1
frame118,118,0.4200156367179142,-0.18490801528612139,2.0504666666666664,2.4309334813302086,0.8434894177131699,1
frame119,119,0.38103616761594433,-0.15605501286317494,2.0431333333333335,2.363674342561944,0.8643886750993024,1
frame120,120,0.4045935491702886,-0.17173015378792433,2.034933333333333,2.3847999402849793,0.8532930997516556,1
frame121,121,0.4196322993162964,-0.17924867737726297,2.0244,2.385456088103104,0.8486427438745213,1
frame122,122,0.5216947726920915,-0.22851958630540029,2.0101999999999998,2.466705796410859,0.8149330183295102,1
frame123,123,0.3819070764468825,-0.1761103665712736,2.0078666666666662,2.358758154889164,0.8512388870833661,1
frame124,124,0.2547585927406395,-0.125787435558675,1.9952666666666665,2.2427630707572845,0.8896466562528831,1
frame125,125,0.3253524966383411,-0.16453857347543396,1.967785714285714,2.289848731374044,0.8593518372302814,1
frame126,126,0.24150719214632513,-0.11218287908792668,1.9584285714285716,2.1789840754588186,0.8987805801270917,1
frame127,127,0.3099851178063201,-0.15095104019490035,1.942357142857143,2.2362757954212658,0.868567797779721,1
frame128,128,0.276655063796968,-0.13959462779956494,1.9316428571428574,2.2008568232686705,0.877677655684125,1
frame129,129,0.30222889926631685,-0.15384441373415633,1.9155714285714287,2.2123857944679877,0.8658396891542445,1
frame130,130,0.3218913693263074,-0.16980007731832927,1.9081333333333332,2.230024702659641,0.8556556934358603,1
frame131,131,0.3490750135578295,-0.18431489393533737,1.888,2.237075013557829,0.843959182663856,1
frame132,132,0.3441605022365209,-0.18488972500399964,1.8707857142857143,2.214946216522235,0.8446190252073482,1
frame133,133,0.37063130129003546,-0.2006249227990722,1.8548,2.2254313012900355,0.8334564176053476,1
frame134,134,0.3518069774788329,-0.19224092790216557,1.8454000000000002,2.1972069774788334,0.8398844619169601,1
frame135,135,0.35973312571483124,-0.19827124121565493,1.8251428571428565,2.184875982857689,0.8353530687612197,1
frame136,136,0.34884164265764894,-0.19558481742123807,1.8114285714285712,2.16027021408622,0.8385194405852573,1
frame137,137,0.3302068680313795,-0.1866099473880696,1.7927142857142857,2.122921153745665,0.8444563673743771,1
frame138,138,0.33126185235640093,-0.18764087487775027,1.7894999999999999,2.120761852356401,0.8438005417777896,1
frame139,139,0.317045029586795,-0.18133983160762232,1.7762142857142857,2.093259315301081,0.8485400125682978,1
frame140,140,0.4299793666963546,-0.24665103233408206,1.7638571428571428,2.1938365095534977,0.8040057384294936,1
frame141,141,0.3431796129048611,-0.19815474396038607,1.7627142857142855,2.105893898619146,0.8370385074338803,1
frame142,142,0.3689071664096007,-0.21014497743831964,1.7695333333333336,2.1384404997429343,0.8274877573381407,1
frame143,143,0.2206150881693458,-0.1287312220881685,1.7590666666666666,1.9796817548360124,0.8885603266128901,1
frame144,144,0.25409841957454493,-0.14527280916884067,1.7426,1.9938009399097003,0.8740090172085698,1
frame145,145,0.26077793771334984,-0.1419691439013075,1.7367333333333332,1.985176992389197,0.8748506254060212,1
frame146,146,0.22983829309066944,-0.13209975546830274,1.7295714285714285,1.9563810152923682,0.8840667615622694,1
frame147,147,0.2305645318362864,-0.1354165209501698,1.721857142857143,1.952421674693429,0.8819084346251741,1
frame148,148,0.2526009237975117,-0.14982221418337907,1.707357142857143,1.959958066654655,0.8711192203062473,1
frame149,149,0.27511855032459376,-0.1632337843499879,1.7021428571428572,1.9772614074674515,0.8608587871661461,1
frame1,1,NaN,NaN,NaN,NaN,NaN,2
frame2,2,NaN,NaN,NaN,NaN,NaN,2
frame3,3,NaN,NaN,NaN,NaN,NaN,2
frame4,4,NaN,NaN,NaN,NaN,NaN,2
frame5,5,NaN,NaN,NaN,NaN,NaN,2
frame6,6,NaN,NaN,NaN,NaN,NaN,2
frame7,7,NaN,NaN,NaN,NaN,NaN,2
frame8,8,NaN,NaN,NaN,NaN,NaN,2
frame9,9,NaN,NaN,NaN,NaN,NaN,2
frame10,10,NaN,NaN,NaN,NaN,NaN,2
frame11,11,NaN,NaN,NaN,NaN,NaN,2
frame12,12,NaN,NaN,NaN,NaN,NaN,2
frame13,13,NaN,NaN,NaN,NaN,NaN,2
frame14,14,NaN,NaN,NaN,NaN,NaN,2
frame15,15,NaN,NaN,NaN,NaN,NaN,2
frame16,16,NaN,NaN,NaN,NaN,NaN,2
frame17,17,NaN,NaN,NaN,NaN,NaN,2
frame18,18,1.929935516923666,0.999400268012721,1.931,0.0010644830763339996,1814.0260215786802,2
frame19,19,1.891427561857272,0.9993875122230953,1.8925,0.0010724381427280605,1764.6705433153209,2
frame20,20,1.8934563865819947,0.9994032803329004,1.8945,0.0010436134180054069,1815.327368654228,2
frame21,21,1.893491892207414,0.9994235770786724,1.8945,0.0010081077925860882,1879.2633227643835,2
frame22,22,1.916964775528293,0.9994140615799483,1.918,0.001035224471706897,1852.7382731182606,2
frame23,23,NaN,NaN,NaN,NaN,NaN,2
frame24,24,1.4534694960187187,0.7997825577486332,1.9539999999999997,0.5005305039812811,3.903857975603173,2
frame25,25,1.9329244008902462,0.9994016619284711,1.9340000000000002,0.0010755991097539663,1798.0676838254221,2
frame26,26,1.465953910486307,0.9992865525317123,1.467,0.0010460895136930048,1402.3656492082182,2
frame27,27,1.4639361193729563,0.9992735437260507,1.4649999999999999,0.0010638806270435452,1377.034192333344,2
frame28,28,NaN,NaN,NaN,NaN,NaN,2
frame29,29,NaN,NaN,NaN,NaN,NaN,2
frame30,30,NaN,NaN,NaN,NaN,NaN,2
frame31,31,NaN,NaN,NaN,NaN,NaN,2
frame32,32,NaN,NaN,NaN,NaN,NaN,2
frame33,33,NaN,NaN,NaN,NaN,NaN,2
frame34,34,NaN,NaN,NaN,NaN,NaN,2
frame35,35,NaN,NaN,NaN,NaN,NaN,2
frame36,36,NaN,NaN,NaN,NaN,NaN,2
frame37,37,NaN,NaN,NaN,NaN,NaN,2
frame38,38,NaN,NaN,NaN,NaN,NaN,2
frame39,39,NaN,NaN,NaN,NaN,NaN,2
frame40,40,NaN,NaN,NaN,NaN,NaN,2
frame41,41,NaN,NaN,NaN,NaN,NaN,2
frame42,42,NaN,NaN,NaN,NaN,NaN,2
frame43,43,NaN,NaN,NaN,NaN,NaN,2
frame44,44,NaN,NaN,NaN,NaN,NaN,2
frame45,45,NaN,NaN,NaN,NaN,NaN,2
frame46,46,NaN,NaN,NaN,NaN,NaN,2
frame47,47,NaN,NaN,NaN,NaN,NaN,2
frame48,48,NaN,NaN,NaN,NaN,NaN,2
frame49,49,NaN,NaN,NaN,NaN,NaN,2
frame50,50,NaN,NaN,NaN,NaN,NaN,2
frame51,51,NaN,NaN,NaN,NaN,NaN,2
frame52,52,NaN,NaN,NaN,NaN,NaN,2
frame53,53,NaN,NaN,NaN,NaN,NaN,2
frame54,54,0.13119045769460203,0.014375388244433974,1.816,1.7840686155681784,1.0178980697004483,2
frame55,55,NaN,NaN,NaN,NaN,NaN,2
frame56,56,0.12964771151389465,-0.013006842646944633,1.8384999999999998,1.8560346778294705,0.9905526130309287,2
frame57,57,0.14202697365811384,-0.018908424385771595,1.843,1.871428683231399,0.9848091014709087,2
frame58,58,0.16865813812630928,0.01032495013041972,1.8513000000000002,1.8255535544636987,1.0141033635925654,2
frame59,59,0.2535426241089235,0.018700909702488763,1.8745999999999998,1.8292787016875156,1.0247755020985458,2
frame60,60,0.2777337155433715,0.06695343482850927,1.8966,1.7623244587546558,1.076192292842732,2
frame61,61,0.34731266698373015,0.11894682698862143,1.9614,1.715706622416548,1.1432024417073103,2
frame62,62,0.36257788589326595,0.17438911650216268,2.0084,1.6465358083825568,1.2197730470088675,2
frame63,63,0.3983377076305724,0.18884452323109635,2.0316,1.6332622923694278,1.2438908370637092,2
frame64,64,0.4096346728647216,0.1972562028515347,2.0366,1.626965327135278,1.251778366774415,2
frame65,65,0.4754787123359986,0.22020063310090615,2.0878,1.6123212876640014,1.294903203210132,2
frame66,66,0.4509960957133252,0.21120377895996034,2.0839,1.6329039042866746,1.2761926740020506,2
frame67,67,0.5057770116560605,0.22980600581422625,2.1278,1.6220229883439394,1.3118186457840844,2
frame68,68,0.4735285219528039,0.21617457734788995,2.1226,1.6490714780471958,1.287148573155573,2
frame69,69,0.5035524786100941,0.22750992455579366,2.1453,1.641747521389906,1.3067173679566673,2
frame70,70,0.5479235210457705,0.24894317384977388,2.159222222222222,1.6112987011764517,1.3400508674435827,2
frame71,71,0.5237041633757131,0.23633084401628945,2.1655555555555552,1.6418513921798423,1.3189717205041345,2
frame72,72,0.5656657618811347,0.24773071328718274,2.2214444444444448,1.6557786825633096,1.3416312625824054,2
frame73,73,0.5273502724008319,0.22430583755975392,2.247375,1.720024727599168,1.3065945878213705,2
frame74,74,NaN,NaN,NaN,NaN,NaN,2
frame75,75,0.35699243010514614,0.16637256107048795,2.1445714285714286,1.7875789984662824,1.1997072187642843,2
frame76,76,0.5318401284540193,0.24154702228069888,2.2075,1.6756598715459807,1.3173914572313163,2
frame77,77,0.4807702825471494,0.21779155559022345,2.210142857142857,1.729372574595708,1.278002721686241,2
frame78,78,0.6397142747865615,0.26534351856022004,2.36875,1.7290357252134385,1.3699832602982178,2
frame79,79,0.574468562418153,0.23887860859065926,2.3669,1.7924314375818469,1.3204968125269902,2
frame80,80,0.7358059180616634,0.3023990750808954,2.4037999999999995,1.6679940819383368,1.44113221145641,2
frame81,81,0.6262244914435118,0.25256780823210095,2.4203,1.7940755085564883,1.3490513573463647,2
frame82,82,0.6483428157798593,0.2619151218466643,2.4308,1.782457184220141,1.363735421820817,2
frame83,83,0.6776353361771061,0.2718098621359211,2.456222222222222,1.7785868860451162,1.3809964761878473,2
frame84,84,0.6902713946307472,0.2762683312694448,2.4557,1.765428605369253,1.3909936615569745,2
frame85,85,0.530223856413252,0.21686464210048567,2.4189,1.888676143586748,1.2807383670375134,2
frame86,86,0.7083964383555102,0.27990185827484704,2.4905999999999997,1.7822035616444896,1.397483460139566,2
frame87,87,0.6060558627403188,0.24440118508600456,2.4617,1.8556441372596812,1.3266013405109616,2
frame88,88,0.4959865257950974,0.20048628299152269,2.450777777777778,1.9547912519826807,1.2537286399721888,2
frame89,89,0.6180010141317152,0.25259569271749427,2.4560000000000004,1.837998985868285,1.3362357753640255,2
frame90,90,0.5414491070600281,0.22041013481904645,2.465,1.9235508929399718,1.2814841598666893,2
frame91,91,0.28625217185014973,0.11818837394163757,2.4149000000000003,2.1286478281498504,1.1344760594329737,2
frame92,92,0.30433529141520954,0.1259858795458819,2.4103333333333334,2.1059980419181237,1.144508819741363,2
frame93,93,0.3391996233886781,0.1386809983568543,2.4364999999999997,2.097300376611322,1.1617315417340142,2
frame94,94,0.6511630653328326,0.2669233190989139,2.4429999999999996,1.7918369346671672,1.3634053148110743,2
frame95,95,0.521581262602625,0.21185371814174467,2.4707,1.9491187373973748,1.2675985062352249,2
frame96,96,0.6116181754433387,0.24559548986540986,2.5063,1.8946818245566615,1.3228078548684299,2
frame97,97,0.6605098123630906,0.2626451229298172,2.5287,1.8681901876369094,1.3535559798644354,2
frame98,98,0.608085087997208,0.23846532106059964,2.5591,1.9510149120027922,1.311676289225788,2
frame99,99,0.6335300474099457,0.24586526130447628,2.5788,1.9452699525900545,1.325677187665611,2
frame100,100,0.6797060137702372,0.2617759170665495,2.6039,1.9241939862297628,1.3532419385126773,2
frame101,101,0.7184979548021839,0.2727088346700031,2.6457000000000006,1.927202045197816,1.3728192156045762,2
frame102,102,0.7788210398166245,0.28801848995538865,2.6997999999999998,1.9209789601833756,1.405429239965376,2
frame103,103,0.8561676486825155,0.31552202475677743,2.721222222222222,1.8650545735397068,1.4590576923749665,2
frame104,104,0.8555899247197692,0.30749922899596904,2.763888888888889,1.90829896416912,1.4483521401963846,2
frame105,105,0.8487674439899909,0.3030741813744707,2.783777777777778,1.9350103337877869,1.4386371634142785,2
frame106,106,0.8977213410380346,0.3147600326148388,2.8346666666666662,1.9369453256286322,1.463472731604688,2
frame107,107,0.9058419471862699,0.31735617657555587,2.8402,1.9343580528137303,1.468290731319688,2
frame108,108,0.8453020224590091,0.2969734219543202,2.8465,2.0011979775409907,1.4223979995710818,2
frame109,109,0.7884712498114752,0.2710928745645185,2.898142857142857,2.1096716073313817,1.373741224497422,2
frame110,110,0.7809147108251283,0.2692889403495645,2.894,2.1130852891748715,1.3695613777757472,2
frame111,111,0.6758695132604842,0.2336424185060768,2.8903000000000003,2.2144304867395155,1.3052114380233366,2
frame112,112,0.5036614685929072,0.17501916491760156,2.8627,2.3590385314070925,1.2135028580022764,2
frame113,113,0.3748719448630037,0.1297975709514523,2.8685555555555555,2.4936836106925515,1.1503285915084045,2
frame114,114,0.3710587327327503,0.12891221868010028,2.8652222222222226,2.494163489489472,1.148770814061071,2
frame115,115,0.33548786736923986,0.1141913838847589,2.9005555555555556,2.565067688186316,1.130791038737248,2
frame116,116,0.3720699178212247,0.12589424840714092,2.915777777777778,2.543707859956553,1.146270695498649,2
frame117,117,0.41139452229818135,0.1311356534128137,2.9537,2.561712799377006,1.1530176219279238,2
frame118,118,0.641126932338296,0.15593031649301436,2.9664,2.4997807910446843,1.1866640509547683,2
frame119,119,0.6628892284152614,0.19975745283365748,2.9994,2.3976954192110513,1.25095121589169,2
frame120,120,0.44286991399706316,0.14625145655385935,2.9742,2.531330086002937,1.17495541827829,2
frame121,121,0.4838080079181221,0.07430755279952575,2.9841,2.7594182389971165,1.0814235978539237,2
frame122,122,0.47450592752787896,0.10937603367253776,3.0128,2.6768830195496274,1.1254881061283317,2
frame123,123,0.549670202509877,0.17987024529778767,3.0129,2.4632297974901234,1.2231501921054853,2
frame124,124,0.5562299690615851,0.18157869446523928,3.0117,2.455470030938415,1.2265268816369992,2
frame125,125,0.47392905099905125,0.1529643769933472,3.0261,2.5521709490009488,1.1856964366687786,2
frame126,126,0.6568225356434703,0.2123235131945606,3.0603,2.4034774643565298,1.2732800891142608,2
frame127,127,0.8059254980084305,0.2622266702040892,3.0847,2.2787745019915695,1.3536661908864085,2
frame128,128,0.7541591021081981,0.2422351476710089,3.1157999999999997,2.3616408978918018,1.31933690798691,2
frame129,129,0.7145702497091476,0.21159988892268297,3.1419,2.479788503953663,1.2670032121653505,2
frame130,130,0.4964870819340604,0.11911201883841076,3.1265,2.7464359098429885,1.1383844745092704,2
frame131,131,0.48946767785043993,0.1548417256577887,3.1365999999999996,2.64713232214956,1.1849048775366755,2
frame132,132,0.5586105053630812,0.12152839788319132,3.1965,2.802321742167227,1.1406613137604706,2
frame133,133,0.45442252692452617,0.11164199375285752,3.2002,2.8395133254631455,1.1270241175846654,2
frame134,134,0.5428899978489607,0.1282444329755747,3.2391999999999994,2.824952676331973,1.146638677220569,2
frame135,135,0.5366853210989775,0.0910512322365287,3.264222222222222,2.968805309771656,1.0995070008390977,2
frame136,136,0.5002518309144834,0.12061165534796459,3.3065555555555557,2.904711881463257,1.1383420079136624,2
frame137,137,0.5076928695535634,0.09489856881504247,3.3205,3.003693844194129,1.1054721859946641,2
frame138,138,0.5444502015253468,0.12735196913519659,3.346,2.9127032457089026,1.14876103665193,2
frame139,139,0.3821144281451022,0.11225636051591932,3.3567777777777774,2.9746633496326758,1.1284563606810454,2
frame140,140,0.3476892990679414,0.08350637233234519,3.3641111111111113,3.075575296134745,1.0938152336374227,2
frame141,141,0.35306420494552115,0.05006788486936472,3.4316666666666666,3.2560336305232935,1.0539407930240408,2
frame142,142,0.3079115675635207,0.0359634972918201,3.4234444444444443,3.2941549856932237,1.039248140816912,2
frame143,143,0.19639311383862407,0.04388823712793018,3.408,3.2531982218410582,1.047584489970407,2
frame144,144,0.31515043570652096,0.08934573246003993,3.4531,3.1379495642934794,1.1004319633727058,2
frame145,145,0.4397669634206804,0.12471393850588779,3.4546,3.0148330365793194,1.1458677671648603,2
frame146,146,0.38056473306147326,0.10858670313029314,3.4831000000000003,3.102535266938527,1.1226625002838408,2
frame147,147,0.36015032706323613,0.10124369590253993,3.5103999999999997,3.150249672936764,1.1143243756700376,2
frame148,148,0.40326964920901576,0.11199024003345812,3.5518,3.1485303507909843,1.1280818681349871,2
frame149,149,0.30961379258330124,0.08528956028286792,3.5799,3.2702862074166985,1.0946748305641036,2
frame150,150,0.31881947273972105,0.08778385800669522,3.5991999999999997,3.2803805272602786,1.0971897833468711,2
frame151,151,0.3288835106298444,0.08243481318749928,3.6187000000000005,3.316296653785694,1.0911870612869028,2
frame152,152,0.280852498961066,0.07588599814948116,3.5855000000000006,3.31032888138479,1.0831250091683033,2
frame153,153,0.41430526036665805,0.1125638050065347,3.6528000000000005,3.2384947396333414,1.1279314291594515,2
frame154,154,0.4825890611798848,0.10390307558809982,3.7005000000000003,3.3150138145782058,1.1162849408731175,2
frame155,155,0.503075118753293,0.098141628152439,3.7039,3.3412172990467903,1.1085480734990445,2
frame156,156,0.5416370884940821,0.08384123871270982,3.7025000000000006,3.3924784366308947,1.091384976842179,2
frame157,157,0.43609425641300986,0.08041453507548335,3.7777000000000003,3.4756794775853264,1.0868953896245053,2
frame158,158,0.41460345721455594,0.08395258729883198,3.7888000000000006,3.471662229477829,1.0913504107137382,2
frame159,159,0.47667085781604684,0.12455072135467252,3.8189,3.342229142183953,1.142620639560509,2
frame160,160,0.48337966849570746,0.1261974571865468,3.8337000000000003,3.3503203315042924,1.1442786422391649,2
frame161,161,0.5578415514261728,0.14365108412293864,3.8637,3.305858448573827,1.168743326462399,2
frame162,162,0.7332545832042081,0.18707904741210202,3.8867,3.1534454167957917,1.2325249009539752,2
frame163,163,0.5786530666927344,0.14884714511152758,3.8584000000000005,3.2797469333072655,1.176432230431031,2
frame164,164,0.6170566198979048,0.15745330042459477,3.8902,3.2731433801020957,1.1885211089893217,2
frame165,165,0.5385412361211195,0.13391235275500962,3.9137,3.390327133927232,1.1543723792419145,2
frame166,166,0.5783810036326533,0.14683030198412855,3.9330000000000007,3.3546189963673463,1.1724133215303951,2
frame167,167,0.5905054393502515,0.14909687715495984,3.9421999999999997,3.3516945606497486,1.1761811611007231,2
frame168,168,0.44230063496622074,0.11287225492038022,3.9125000000000005,3.4701993650337792,1.1274568370402305,2
frame169,169,0.42595898787467557,0.10809879215325238,3.9144000000000005,3.4884410121253246,1.1221058307691325,2
frame170,170,0.38177182472968263,0.09654435771590959,3.9157777777777785,3.534005953048095,1.1080280649783296,2
frame171,171,0.31186864608280473,0.06878370096657425,3.9414000000000002,3.6703759089989076,1.0738409628116303,2
frame172,172,0.2922978249711738,0.04282542308415529,3.9361000000000006,3.7683202427068623,1.0445237523583237,2
frame173,173,0.30624044907321774,0.07304237629321855,3.9753999999999996,3.6835297987629003,1.0792365522155196,2
frame174,174,0.4225453252341692,0.10450223232601479,3.9837000000000002,3.56115467476583,1.118654022030637,2
frame175,175,0.32704689373767304,0.0813842629702134,3.9817,3.6546531062623266,1.089487807523311,2
frame176,176,0.3897475852839246,0.09634289248800039,3.9973,3.607552414716075,1.1080365689751452,2
frame177,177,0.5105935781022726,0.12459390246966195,4.0432,3.5326064218977273,1.1445373520631206,2
frame178,178,0.38284626435745484,0.09397491454174714,4.031999999999999,3.649153735642545,1.104913712080163,2
frame179,179,0.41136181351933115,0.10070497161078537,4.0654,3.654038186480668,1.1125773165264945,2
frame180,180,0.4816665644008415,0.1171445738198335,4.080100000000001,3.5984334355991585,1.1338545155888489,2
frame181,181,0.5450278077359345,0.13117195194740838,4.096,3.550972192264066,1.153486926460111,2
frame182,182,0.4422992705167085,0.10730790996129032,4.0465,3.604200729483292,1.1227177129449495,2
frame183,183,0.5331918404920615,0.12816227337147434,4.114,3.5808081595079377,1.14890265457989,2
frame184,184,0.4208566795647675,0.10168085082338996,4.0957,3.6748433204352318,1.1145237069630831,2
frame185,185,0.5440759056926335,0.13215538314639494,4.0743,3.5302240943073664,1.1541193678242632,2
frame186,186,0.3244064989921739,0.07658726300678145,4.063599999999999,3.74953416247527,1.0837612951144304,2
frame187,187,0.29848708180658107,0.06565876379118923,4.056333333333334,3.7877522247834303,1.0709077818745814,2
frame188,188,0.20212755101217977,0.043817494167729246,4.050399999999999,3.872465559372157,1.045948617979882,2
frame189,189,0.12238416741531251,0.011791174107236268,4.0454,3.9963500127900162,1.0122736965113173,2
frame190,190,0.166676504759634,-0.03792032148269402,4.0036000000000005,4.154556501839037,0.9636648335936182,2
frame191,191,0.15965833810300664,-0.0296829093451118,4.036400000000001,4.152779307016374,0.9719755618075484,2
frame192,192,0.30846792752654195,-0.07746394553180627,4.076,4.384467927526542,0.9296452995835777,2
frame193,193,0.2835901637948149,-0.07040204803988555,4.093000000000001,4.376590163794814,0.9352029426605207,2
frame194,194,0.1851999437537175,-0.046125242091988324,4.036,4.221199943753717,0.9561262327723268,2
frame195,195,0.23747428915062424,-0.05913293476852339,4.025125,4.262599289150624,0.9442888545130068,2
frame196,196,0.14509726773022136,-0.03342993611463377,4.043125,4.177597642770662,0.9678110114306084,2
frame197,197,0.10553723318034651,-0.004384528161909511,4.036285714285714,4.051162916584088,0.9963276711885685,2
frame198,198,0.12100914245101047,-0.030633279148367963,3.9870000000000005,4.108009142451011,0.9705431175406753,2
frame199,199,0.22883089138117052,-0.0573302076514402,4.014666666666666,4.243497558047838,0.9460749327056424,2
frame200,200,0.192563977067993,-0.042245385300162,4.034,4.2043178829756735,0.9594897703464971,2
frame201,201,0.49363903999036973,-0.12439239526111275,3.974,4.467639039990369,0.889507850663013,2
frame202,202,NaN,NaN,NaN,NaN,NaN,2
frame203,203,NaN,NaN,NaN,NaN,NaN,2
frame204,204,NaN,NaN,NaN,NaN,NaN,2
frame205,205,NaN,NaN,NaN,NaN,NaN,2
frame206,206,NaN,NaN,NaN,NaN,NaN,2
frame207,207,0.27480156828665186,-0.06904747158250914,4.0,4.274801568286652,0.9357159475365326,2
frame208,208,NaN,NaN,NaN,NaN,NaN,2
frame209,209,2.4005095985680818,0.9985480859268228,2.404,0.0034904014319181442,688.7459929441084,2
frame210,210,0.16837322275278488,-0.037354995472013375,4.021375,4.172177072808747,0.9638553037953335,2
frame211,211,0.18892666242402328,-0.04379290559817167,4.097875,4.277188879577436,0.9580766983582096,2
frame212,212,0.42958929711409255,-0.10471471332579209,4.080500000000001,4.509320542664645,0.9049035129334039,2
frame213,213,0.4417492923508002,-0.10790242990153757,4.075375,4.5171242923508,0.9022056370910916,2
frame214,214,0.5226650487226201,-0.12533974118284905,4.080555555555557,4.596410428380221,0.8877700586441207,2
frame215,215,0.3011492915426143,-0.030828340095082535,4.1297,4.25478901553709,0.9706004187092928,2
frame216,216,0.23485414101393934,-0.03423788948167161,4.120454545454546,4.2595925624871205,0.9673353695238557,2
frame217,217,0.275657781082836,-0.025399732649712126,4.146,4.247197402961793,0.9761731341022146,2
frame218,218,0.23343806667559222,0.02340795143663603,4.145727272727272,4.047351853790506,1.0243061197767211,2
frame219,219,0.24620555964345103,0.00031584600888903767,4.101555555555556,4.099239579618776,1.000564976965068,2
frame220,220,0.31388862531386574,-0.017978417060542793,4.181909090909091,4.2481768752744165,0.984400888590345,2
frame221,221,0.25503406058443895,0.0039014794135531113,4.2524999999999995,4.2111087754800565,1.009829056129101,2
frame222,222,0.2049994005521922,-0.008269993767532931,4.194999999999999,4.214225483374643,0.9954379556930474,2
frame223,223,0.20214623143651939,-0.015004980456629829,4.219692307692309,4.272065531550323,0.9877405382779773,2
frame224,224,0.20126460071667035,-0.0015969430381233328,4.2211428571428575,4.214229072598533,1.0016405810944826,2
frame225,225,0.1878587808366158,0.0037165134396518152,4.208200000000001,4.183198147637621,1.0059767315532253,2
frame226,226,0.17769940828773415,-0.005098288245472323,4.185333333333333,4.200225407187708,0.996454458413377,2
frame227,227,0.23434883262360678,-0.028288052480985003,4.167142857142857,4.283647823148376,0.9728023939372563,2
frame228,228,0.33003260861024886,-0.04720695552952079,4.180714285714285,4.370634903027836,0.9565462177630119,2
frame229,229,0.42032028605521693,-0.09365091170435962,4.1476,4.5271207387059444,0.9161673035443652,2
frame230,230,0.3645971721131779,-0.07225074130435885,4.1752142857142855,4.464941688244854,0.9351105965631415,2
frame231,231,0.32194789128710144,-0.06683506175385964,4.162800000000001,4.429670306905568,0.9397539120485933,2
frame232,232,0.2837914230087524,-0.0600082295839802,4.123466666666667,4.364004424105973,0.9448814130181403,2
frame233,233,0.2782770061636767,-0.055316379844560844,4.106000000000001,4.324420158481367,0.9494914577037608,2
frame234,234,0.33846665580325824,-0.08260062476940888,4.1016666666666675,4.435346282224188,0.9247680802523066,2
frame235,235,0.29574591030027375,-0.07111719601344796,4.099866666666667,4.388262621701476,0.9342801514183332,2
frame236,236,0.38275681899535663,-0.09294196602642527,4.092999999999999,4.467382829197689,0.9161963853308434,2
frame237,237,0.5432480497748396,-0.1336161174053154,4.08475,4.62799804977484,0.8826170530038857,2
frame238,238,0.552344488852492,-0.13515634127742363,4.063,4.603591100068924,0.8825718687176994,2
frame239,239,0.6609781070345413,-0.16392793554030327,4.074624999999999,4.7356031070345415,0.8604236689403538,2
frame240,240,0.672586494633759,-0.16628631445333308,4.0643125,4.7368989946337585,0.8580112230816607,2
frame241,241,0.7214538501763446,-0.18045021369811398,4.0179374999999995,4.739391350176344,0.8477749996000012,2
frame242,242,0.5945293753311724,-0.1487585053291432,4.0353125,4.629841875331172,0.8715875420067893,2
frame243,243,0.5412877415535606,-0.13503211655382732,4.0288125,4.570100241553561,0.8815588908462201,2
frame244,244,0.4597141690525203,-0.11618761458733298,4.01475,4.474464169052521,0.8972582745813191,2
frame245,245,0.38181788825997953,-0.09618349237080508,4.0408125,4.42263038825998,0.9136672399137111,2
frame246,246,0.4479080629712079,-0.11361319126020833,4.0091875,4.457095562971208,0.8995067400635626,2
frame247,247,0.3585943626728497,-0.09126747813278518,4.0207500000000005,4.37934436267285,0.9181168839497271,2
frame248,248,0.3672990015215353,-0.09331757532019085,4.009375,4.376674001521535,0.9160780534730609,2
frame249,249,0.3796852592924734,-0.09522844374608827,3.9967058823529413,4.376391141645414,0.9132423846489826,2
frame250,250,0.38085790150357085,-0.09677006984013067,3.9735294117647055,4.354387313268276,0.9125346750062732,2
frame251,251,0.4541234580141873,-0.11417010545612702,3.9756470588235295,4.429770516837716,0.897483750842612,2
frame252,252,0.31398624621462345,-0.07969491986370397,3.9722352941176475,4.283020325662091,0.9274378807678433,2
frame253,253,0.4597017244033811,-0.11664296519437477,3.968588235294117,4.428289959697499,0.8961897868958011,2
frame254,254,0.3605313481517225,-0.08336796438354117,3.9591764705882353,4.279062152458636,0.9252439739192377,2
frame255,255,0.3751757206860437,-0.09563570963963791,3.950941176470588,4.319787781010703,0.9146146470061509,2
frame256,256,0.2854470566583315,-0.055435052583254846,3.9580625,4.1710354167484756,0.948940036353252,2
frame257,257,0.3343239711534048,-0.06606294226998922,3.917058823529412,4.167484514653117,0.9399096288796769,2
frame258,258,0.3361627070212934,-0.06539919370063592,3.9508124999999996,4.196261698813401,0.9415076521841313,2
frame259,259,0.27702031899968826,-0.03604469098954649,3.934875,4.065283596822356,0.9679214023532601,2
frame260,260,0.3320101332596715,-0.003094444023701913,3.9296875,3.927596506607892,1.0005323849811432,2
frame261,261,0.3202518802047684,-0.0019502712861171995,3.8960588235294114,3.887775833695805,1.0021305214569773,2
frame262,262,0.3143178019765303,0.002127907165551051,3.9037058823529414,3.880010400194549,1.0061070666607503,2
frame263,263,0.3761789457286711,0.008902782142787129,3.903,3.8520488380499938,1.0132270290674195,2
frame264,264,0.3613223376540671,-0.004791103439590995,3.899529411764706,3.8995408390814355,0.9999970695737778,2
frame265,265,0.3290981716305583,0.0021795284853175856,3.9007058823529412,3.8745014388828745,1.0067633071979507,2
frame266,266,0.33233264555879827,-0.005423690464623589,3.893,3.896698170463285,0.9990509476737723,2
frame267,267,0.3829794488815201,-0.013142444865655321,3.885705882352941,3.916532318996273,0.9921291504492852,2
frame268,268,0.42272466316340335,-0.0011749774661393316,3.9027647058823525,3.883901033025224,1.0048568881381705,2
frame269,269,0.4477681529382509,-0.012753923918293823,3.8888235294117646,3.9171248461205797,0.992774977101676,2
frame270,270,0.4790075836117335,0.02332319861335155,3.8875294117647057,3.774001007205099,1.030081710191085,2
frame271,271,0.48513775935835257,-0.028213285864650026,3.858705882352941,3.940086819641287,0.9793453949078831,2
frame272,272,0.46013210392404935,-0.0004362944867423503,3.866176470588235,3.8439408580580468,1.0057845875759446,2
frame273,273,0.4206180498213668,-0.0018825520695550607,3.8450588235294116,3.828194990949199,1.0044051655205868,2
frame274,274,0.39141417623809444,-0.026413846885136632,3.836470588235294,3.9140817590928294,0.9801712954316204,2
frame275,275,0.411660464061149,-0.024243257771242,3.805647058823529,3.8745694845406624,0.9822115912510718,2
frame276,276,0.37620097522812035,-0.027570618590339165,3.803117647058823,3.8862529996724597,0.9786078382903419,2
frame277,277,0.3400590671582529,-0.03768665030383203,3.807705882352941,3.9338225320049305,0.9679404323337096,2
frame278,278,0.3888551075837951,-0.052942264831888464,3.796588235294118,3.9756325553642027,0.9549645703981104,2
frame279,279,0.3940773562584231,-0.055766968414459724,3.774470588235294,3.964379317773742,0.9520962263406484,2
frame280,280,0.3823177611307522,-0.05502547472187201,3.754470588235294,3.9405141676518904,0.9527869786781002,2
frame281,281,0.38103491069280243,-0.06930845771004596,3.7350000000000003,3.973312881367017,0.9400216171033011,2
frame282,282,0.4160399459425607,-0.09228779318650714,3.7119411764705883,4.036067383272318,0.9196925680316719,2
frame283,283,0.3917230581529605,-0.0735671606087075,3.6943529411764704,3.945559887892435,0.9363317364699413,2
frame284,284,0.39375606071539576,-0.07550035890606155,3.6897647058823533,3.946175970909232,0.9350228507504192,2
frame285,285,0.4049896202760609,-0.09100267011728685,3.6688235294117644,3.984167022247677,0.9208508350490762,2
frame286,286,0.33966977009586624,-0.06300703563559364,3.6759999999999997,3.890769703910504,0.9448002014370974,2
frame287,287,0.3813615041076543,-0.09103261782773614,3.634,3.9507767714055633,0.9198191166612372,2
frame288,288,0.41980302681667103,-0.10856967433122698,3.625294117647059,4.004698491166675,0.9052601901600125,2
frame289,289,0.45337670066804264,-0.12972002615154354,3.588,4.040045880635131,0.8881087259919768,2
frame290,290,0.4586360240536871,-0.12807769025694274,3.5688235294117643,4.014163369016389,0.889057868685163,2
frame291,291,0.47497079352650345,-0.13193518065908025,3.532235294117647,3.9848038709114046,0.8864263859766213,2
frame292,292,0.4521727190074551,-0.12751911179367004,3.511,3.9471933585519774,0.8894927815971007,2
frame293,293,0.4702086671992892,-0.1345490795532591,3.4797058823529414,3.9359407601412233,0.8840849226165914,2
frame294,294,0.4401922868526335,-0.12458487252648587,3.4890000000000003,3.912504009192059,0.8917562747035975,2
frame295,295,0.44827992069166656,-0.12552732438190473,3.474529411764706,3.8984160605359097,0.8912669550430354,2
frame296,296,0.4947092608068225,-0.14627664363299883,3.4517058823529414,3.9464151431597636,0.8746433806731431,2
frame297,297,0.49000465842265617,-0.14567778537617762,3.439941176470588,3.9299458348932443,0.8753151623434609,2
frame298,298,0.429041688030543,-0.11510905186212994,3.4288823529411765,3.810348916431557,0.8998867106775016,2
frame299,299,0.45232276660450926,-0.13038003351236324,3.4225882352941177,3.8522919887979308,0.8884550405957421,2
frame300,300,0.3504234122216998,-0.09039559276965077,3.3969411764705884,3.6913822071273974,0.9202355610621148,2
frame1,1,NaN,NaN,NaN,NaN,NaN,3
frame2,2,NaN,NaN,NaN,NaN,NaN,3
frame3,3,NaN,NaN,NaN,NaN,NaN,3
frame4,4,NaN,NaN,NaN,NaN,NaN,3
frame5,5,NaN,NaN,NaN,NaN,NaN,3
frame6,6,NaN,NaN,NaN,NaN,NaN,3
frame7,7,NaN,NaN,NaN,NaN,NaN,3
frame8,8,NaN,NaN,NaN,NaN,NaN,3
frame9,9,NaN,NaN,NaN,NaN,NaN,3
frame10,10,NaN,NaN,NaN,NaN,NaN,3
frame11,11,NaN,NaN,NaN,NaN,NaN,3
frame12,12,NaN,NaN,NaN,NaN,NaN,3
frame13,13,NaN,NaN,NaN,NaN,NaN,3
frame14,14,NaN,NaN,NaN,NaN,NaN,3
frame15,15,NaN,NaN,NaN,NaN,NaN,3
frame16,16,NaN,NaN,NaN,NaN,NaN,3
frame17,17,NaN,NaN,NaN,NaN,NaN,3
frame18,18,NaN,NaN,NaN,NaN,NaN,3
frame19,19,NaN,NaN,NaN,NaN,NaN,3
frame20,20,NaN,NaN,NaN,NaN,NaN,3
frame21,21,NaN,NaN,NaN,NaN,NaN,3
frame22,22,NaN,NaN,NaN,NaN,NaN,3
frame23,23,NaN,NaN,NaN,NaN,NaN,3
frame24,24,NaN,NaN,NaN,NaN,NaN,3
frame25,25,NaN,NaN,NaN,NaN,NaN,3
frame26,26,NaN,NaN,NaN,NaN,NaN,3
frame27,27,2.202950582415797,0.9990705589187288,2.205,0.0020494175842031837,1075.9154293376023,3
frame28,28,2.187561458196491,0.9993428315196395,2.189,0.001438541803508997,1521.679797320057,3
frame29,29,NaN,NaN,NaN,NaN,NaN,3
frame30,30,2.1801030999915674,0.99913065994114,2.182,0.0018969000084325671,1150.2978492804239,3
frame31,31,2.172172662919387,0.9991594585645756,2.174,0.0018273370806127787,1189.709344304977,3
frame32,32,NaN,NaN,NaN,NaN,NaN,3
frame33,33,2.172210230260156,0.9991767388501178,2.174,0.001789769739843905,1214.681392584951,3
frame34,34,2.11948461226793,0.9992855314794578,2.121,0.0015153877320699394,1399.641791413229,3
frame35,35,0.1986763568626447,-0.058406393485756124,2.1576666666666666,2.2845233916765606,0.9444712514338509,3
frame36,36,0.10334759629109055,0.009421720344165533,2.186,2.165092315192209,1.0096567174808595,3
frame37,37,0.127423731311174,0.05742052856381676,2.175666666666667,2.048242935355493,1.0622112392586176,3
frame38,38,0.10976984730688692,0.015095976241904464,2.1883333333333335,2.1545945129730923,1.015659011548157,3
frame39,39,0.11433097538212762,-0.023102044981492962,2.2466666666666666,2.2973548193531808,0.9779362977544821,3
frame40,40,NaN,NaN,NaN,NaN,NaN,3
frame41,41,NaN,NaN,NaN,NaN,NaN,3
frame42,42,2.1803050847658887,0.9992232285819839,2.182,0.0016949152341112494,1287.3800152868173,3
frame43,43,NaN,NaN,NaN,NaN,NaN,3
frame44,44,0.1983583963954924,0.042056583317354686,2.176,2.0799139719615387,1.0461971164835457,3
frame45,45,0.18224409861328672,-0.02291614573934548,2.208,2.25418800765138,0.9795101351375288,3
frame46,46,0.09800103355148616,0.004951944857941393,2.169888888888889,2.1566747956376875,1.0061270680577015,3
frame47,47,0.3276203976694571,-0.10142764162047258,2.1184,2.3421576009752973,0.9044651816418662,3
frame48,48,0.32756012557534997,-0.14123512460427984,2.1504,2.4599666314106017,0.8741581989536625,3
frame49,49,0.7643169205862869,-0.23654694633831827,2.105111111111111,2.6239658841429416,0.8022631406271874,3
frame50,50,0.8445818038475346,-0.3121580184819657,2.115111111111111,2.7978312396023433,0.7559823770542117,3
frame51,51,0.20064778772999553,-0.00403730124233777,2.1146666666666665,2.123720185899703,0.9957369528748907,3
frame52,52,1.1659400958399737,-0.4898796232708662,2.118888888888889,3.2009883539932513,0.6619483280048685,3
frame53,53,0.45478177454636315,-0.1449132998636639,2.1183000000000005,2.426882275584526,0.8728482717563208,3
frame54,54,0.26752392589110746,-0.08439358685253306,2.1266000000000007,2.303475512981985,0.9232136343602765,3
frame55,55,0.09823647215864034,-0.007927589160689676,2.1325555555555553,2.1447585744959277,0.994310306490678,3
frame56,56,0.11527326280876136,-0.032113926184966696,2.1603636363636363,2.225456899231639,0.9707506072616024,3
frame57,57,0.0969712250487077,-0.009067514221622688,2.1637999999999997,2.178823528530811,0.9931047520214077,3
frame58,58,0.1312167894976322,-0.0462174497333246,2.1461,2.240183303584098,0.9580019619673208,3
frame59,59,0.1254468827191087,-0.047920478590668454,2.1185555555555555,2.219432585694006,0.9545482792364668,3
frame60,60,0.13441776375937453,-0.0583836991158961,2.1114444444444445,2.232644503026995,0.9457145737181945,3
frame61,61,0.11679502907111382,-0.05200804509244914,2.095285714285714,2.201735547241376,0.9516518534257957,3
frame62,62,0.0732408377730509,-0.014929952158745237,2.093,2.121091199307777,0.9867562510669299,3
frame63,63,0.1526292394777738,-0.0743834956694995,2.1060000000000003,2.2586292394777736,0.9324239513019572,3
frame64,64,0.17733256103194944,-0.08533944632628163,2.108375,2.2857075610319493,0.9224167762949136,3
frame65,65,0.10971222608123293,-0.05329928712374932,2.097125,2.206837226081233,0.9502853111300587,3
frame66,66,0.4316452581883326,-0.20023662523894797,2.1037777777777777,2.53542303596611,0.8297541467182198,3
frame67,67,0.8091790907326845,-0.36881039901225443,2.1151111111111107,2.924290201843796,0.7232904278027915,3
frame68,68,0.11941108637136584,-0.043470276289008666,2.109111111111111,2.200132973431887,0.9586289267876408,3
frame69,69,0.603037549484676,-0.26720388900339315,2.1,2.681585689471165,0.7831187376354699,3
frame70,70,0.3688457463619647,-0.15582816859759227,2.128,2.46429084253942,0.8635344348425705,3
frame71,71,0.9292432691431063,-0.4063248802060939,2.0905000000000005,2.9837653841158605,0.700624791456065,3
frame72,72,0.2767379119774699,-0.11884961852485686,2.09175,2.342002707616638,0.8931458504284523,3
frame73,73,0.32150970371244647,-0.13969062122064463,2.100875,2.398606763556037,0.8758730409337139,3
frame74,74,0.3624700146235409,-0.16106221064862541,2.092375,2.4345409931902244,0.8594535913967709,3
frame75,75,NaN,NaN,NaN,NaN,NaN,3
frame76,76,2.460441728705075,0.9993670709606315,2.462,0.0015582712949253619,1579.9559473486452,3
frame77,77,NaN,NaN,NaN,NaN,NaN,3
frame78,78,NaN,NaN,NaN,NaN,NaN,3
frame79,79,0.8373723271483827,-0.33485652032138236,2.096142857142857,2.839608500459824,0.7381802304097287,3
frame80,80,0.2979513236750354,-0.09780410694262986,2.138666666666667,2.3505541885640238,0.9098563551828597,3
frame81,81,0.8283632585517932,-0.3381362807132093,2.1367777777777777,2.887543987107426,0.7399983471483936,3
frame82,82,0.7423054267715816,-0.32447507391007113,2.142,2.8583988755615377,0.7493705718657617,3
frame83,83,0.4700203159649676,-0.20502511497725096,2.130111111111111,2.5778485851383106,0.8263135094091738,3
frame84,84,0.09486780106815765,-0.024152791340365385,2.1174999999999997,2.164224133085632,0.9784106773548377,3
frame85,85,0.1634753232671564,-0.07951180081827283,2.0937142857142854,2.257189608981442,0.9275757239814137,3
frame86,86,0.08764435151314905,-0.036499840636991215,2.0773333333333333,2.150903326499439,0.9657957694984647,3
frame87,87,2.421441656527575,0.9993568537051486,2.423,0.0015583434724248946,1554.8561936924198,3
frame88,88,NaN,NaN,NaN,NaN,NaN,3
frame89,89,0.22488036698150515,-0.10965385930977187,2.0761999999999996,2.3010803669815054,0.9022718327406801,3
frame90,90,0.06301899566626212,0.007873701028585048,2.404,2.3850716227272812,1.0079361882017925,3
frame91,91,0.06242382837111249,0.025252357755304405,2.472,2.4095761716288875,1.025906559463075,3
frame92,92,2.450488843208179,0.9993837044079033,2.452,0.0015111567918211222,1622.5980078778264,3
frame93,93,0.1589496344252884,-0.07269129469685576,2.1605,2.3194496344252884,0.9314709696360046,3
frame94,94,2.440463284573518,0.99937071440357,2.442,0.0015367154264822602,1589.103589328867,3
frame95,95,NaN,NaN,NaN,NaN,NaN,3
frame96,96,NaN,NaN,NaN,NaN,NaN,3
frame97,97,NaN,NaN,NaN,NaN,NaN,3
frame98,98,NaN,NaN,NaN,NaN,NaN,3
frame99,99,NaN,NaN,NaN,NaN,NaN,3
frame100,100,NaN,NaN,NaN,NaN,NaN,3
frame101,101,NaN,NaN,NaN,NaN,NaN,3
frame102,102,NaN,NaN,NaN,NaN,NaN,3
frame103,103,NaN,NaN,NaN,NaN,NaN,3
frame104,104,NaN,NaN,NaN,NaN,NaN,3
frame105,105,2.4704304049867205,0.9993650505609711,2.472,0.0015695950132794678,1574.9285510502946,3
frame106,106,2.440440634168219,0.9993614390533246,2.442,0.0015593658317811787,1566.0212313428956,3
frame107,107,2.4904199876198545,0.9993659661395885,2.492,0.0015800123801454902,1577.2028316452383,3
frame108,108,NaN,NaN,NaN,NaN,NaN,3
frame109,109,NaN,NaN,NaN,NaN,NaN,3
frame110,110,NaN,NaN,NaN,NaN,NaN,3
frame111,111,NaN,NaN,NaN,NaN,NaN,3
frame112,112,NaN,NaN,NaN,NaN,NaN,3
frame113,113,NaN,NaN,NaN,NaN,NaN,3
frame114,114,NaN,NaN,NaN,NaN,NaN,3
frame115,115,2.412499797540717,0.9993785408205124,2.414,0.001500202459283173,1609.1161463323142,3
frame116,116,NaN,NaN,NaN,NaN,NaN,3
frame117,117,NaN,NaN,NaN,NaN,NaN,3
frame118,118,2.521502178641502,0.9994063331912413,2.523,0.0014978213584981859,1684.446536755041,3
frame119,119,NaN,NaN,NaN,NaN,NaN,3
frame120,120,NaN,NaN,NaN,NaN,NaN,3
frame121,121,NaN,NaN,NaN,NaN,NaN,3
frame122,122,NaN,NaN,NaN,NaN,NaN,3
frame123,123,2.4704216439188458,0.9993615064396626,2.472,0.0015783560811541975,1566.1865085553518,3
frame124,124,NaN,NaN,NaN,NaN,NaN,3
frame125,125,NaN,NaN,NaN,NaN,NaN,3
frame126,126,NaN,NaN,NaN,NaN,NaN,3
frame127,127,NaN,NaN,NaN,NaN,NaN,3
frame128,128,NaN,NaN,NaN,NaN,NaN,3
frame129,129,NaN,NaN,NaN,NaN,NaN,3
frame130,130,NaN,NaN,NaN,NaN,NaN,3
frame131,131,NaN,NaN,NaN,NaN,NaN,3
frame132,132,NaN,NaN,NaN,NaN,NaN,3
frame133,133,NaN,NaN,NaN,NaN,NaN,3
frame134,134,NaN,NaN,NaN,NaN,NaN,3
frame135,135,NaN,NaN,NaN,NaN,NaN,3
frame136,136,NaN,NaN,NaN,NaN,NaN,3
frame137,137,NaN,NaN,NaN,NaN,NaN,3
frame138,138,NaN,NaN,NaN,NaN,NaN,3
frame139,139,NaN,NaN,NaN,NaN,NaN,3
frame140,140,NaN,NaN,NaN,NaN,NaN,3
frame141,141,NaN,NaN,NaN,NaN,NaN,3
frame142,142,NaN,NaN,NaN,NaN,NaN,3
frame143,143,NaN,NaN,NaN,NaN,NaN,3
frame144,144,2.49054545033304,0.9994163123326807,2.492,0.0014545496669597924,1713.24503838265,3
frame145,145,0.06257346736866087,-0.015454377693963411,2.1513999999999998,2.1814124807206055,0.9862417213682158,3
frame146,146,NaN,NaN,NaN,NaN,NaN,3
frame147,147,NaN,NaN,NaN,NaN,NaN,3
frame148,148,NaN,NaN,NaN,NaN,NaN,3
frame149,149,NaN,NaN,NaN,NaN,NaN,3
frame150,150,NaN,NaN,NaN,NaN,NaN,3
frame151,151,NaN,NaN,NaN,NaN,NaN,3
frame152,152,NaN,NaN,NaN,NaN,NaN,3
frame153,153,NaN,NaN,NaN,NaN,NaN,3
frame154,154,NaN,NaN,NaN,NaN,NaN,3
frame155,155,NaN,NaN,NaN,NaN,NaN,3
frame156,156,NaN,NaN,NaN,NaN,NaN,3
frame157,157,NaN,NaN,NaN,NaN,NaN,3
frame158,158,NaN,NaN,NaN,NaN,NaN,3
frame159,159,NaN,NaN,NaN,NaN,NaN,3
frame160,160,NaN,NaN,NaN,NaN,NaN,3
frame161,161,NaN,NaN,NaN,NaN,NaN,3
frame162,162,NaN,NaN,NaN,NaN,NaN,3
frame163,163,NaN,NaN,NaN,NaN,NaN,3
frame164,164,NaN,NaN,NaN,NaN,NaN,3
frame165,165,NaN,NaN,NaN,NaN,NaN,3
frame166,166,NaN,NaN,NaN,NaN,NaN,3
frame167,167,NaN,NaN,NaN,NaN,NaN,3
frame168,168,NaN,NaN,NaN,NaN,NaN,3
frame169,169,NaN,NaN,NaN,NaN,NaN,3
frame170,170,NaN,NaN,NaN,NaN,NaN,3
frame171,171,NaN,NaN,NaN,NaN,NaN,3
frame172,172,NaN,NaN,NaN,NaN,NaN,3
frame173,173,NaN,NaN,NaN,NaN,NaN,3
frame174,174,NaN,NaN,NaN,NaN,NaN,3
frame175,175,NaN,NaN,NaN,NaN,NaN,3
frame176,176,NaN,NaN,NaN,NaN,NaN,3
frame177,177,NaN,NaN,NaN,NaN,NaN,3
frame178,178,NaN,NaN,NaN,NaN,NaN,3
frame179,179,NaN,NaN,NaN,NaN,NaN,3
frame180,180,NaN,NaN,NaN,NaN,NaN,3
frame181,181,NaN,NaN,NaN,NaN,NaN,3
frame182,182,NaN,NaN,NaN,NaN,NaN,3
frame183,183,NaN,NaN,NaN,NaN,NaN,3
frame184,184,NaN,NaN,NaN,NaN,NaN,3
frame185,185,NaN,NaN,NaN,NaN,NaN,3
frame186,186,0.3108723860086673,-0.13663176355112006,2.212444444444444,2.513490877395221,0.8802277598625076,3
frame187,187,0.2971813686837143,-0.1339426452101535,2.2265555555555556,2.5237369242392695,0.882245504343408,3
frame188,188,0.3134486020956219,-0.1410807024490336,2.2466363636363638,2.5600849657319853,0.8775632034517262,3
frame189,189,0.35596389559642444,-0.15965121222871795,2.264,2.6199638955964244,0.8641340454367632,3
frame190,190,0.3000715827461315,-0.13431432395656498,2.26875,2.568821582746131,0.8831870672678841,3
frame191,191,0.2676652809878211,-0.11976403647842176,2.274916666666667,2.542581947654488,0.8947269797007958,3
frame192,192,0.217101688865965,-0.09727746370468071,2.2587499999999996,2.4758516888659647,0.9123123207087553,3
frame193,193,0.31890150131668743,-0.14335032920643478,2.242,2.5593007279105846,0.8760205377780558,3
frame194,194,0.19845479434287494,-0.08151893410524855,2.238916666666667,2.4179388532992885,0.9259608296593832,3
frame195,195,0.23370701169185623,-0.10872590228079972,2.175909090909091,2.4096161026009475,0.9030106864576508,3
frame196,196,0.16222719005057276,-0.07650358080799624,2.167,2.329227190050573,0.9303514956619363,3
frame197,197,0.27679411367678436,-0.1302765233753321,2.158583333333333,2.435377447010118,0.88634447033391,3
frame198,198,0.2560327383340644,-0.12099355149386494,2.1473333333333335,2.403366071667398,0.8934691051220363,3
frame199,199,0.24104291494243743,-0.11448566459808684,2.141083333333333,2.3821262482757706,0.8988118639316832,3
frame200,200,0.2622946604494642,-0.12546490283011572,2.1334166666666667,2.395711327116131,0.8905149140964305,3
frame201,201,0.5168427120389122,-0.04504782336504101,2.4395000000000002,2.3232208901391918,1.0500508196850113,3
frame202,202,0.19559762624383456,-0.09766771103741607,2.100666666666667,2.2960870701574883,0.9148898114402007,3
frame203,203,0.5488733376534835,-0.0340276873774047,2.455416666666667,2.2618683588636035,1.0855701027182258,3
frame204,204,0.219401252433759,-0.1121954779575304,2.0675454545454546,2.2869467069792133,0.9040636794184147,3
frame205,205,NaN,NaN,NaN,NaN,NaN,3
frame206,206,NaN,NaN,NaN,NaN,NaN,3
frame207,207,NaN,NaN,NaN,NaN,NaN,3
frame208,208,NaN,NaN,NaN,NaN,NaN,3
frame209,209,NaN,NaN,NaN,NaN,NaN,3
frame210,210,NaN,NaN,NaN,NaN,NaN,3
frame211,211,NaN,NaN,NaN,NaN,NaN,3
frame212,212,NaN,NaN,NaN,NaN,NaN,3
frame213,213,2.4129113862393425,0.9995490415241683,2.414,0.0010886137606576085,2217.499068302934,3
frame214,214,2.393957671719836,0.9995647898621445,2.395,0.0010423282801639289,2297.7405924583895,3
frame215,215,2.471011536128819,0.9996001359744413,2.472,0.0009884638711810112,2500.8501292479896,3
frame216,216,2.4219885883114767,0.9995825787500936,2.423,0.001011411688523367,2395.661457638,3
frame217,217,2.402921991791576,0.9995515772843495,2.404,0.001078008208423853,2230.0386780123586,3
frame218,218,2.4409620625274258,0.999574964179945,2.442,0.0010379374725744128,2352.7428814599675,3
frame219,219,NaN,NaN,NaN,NaN,NaN,3
frame220,220,2.356924997751601,0.9995441042203567,2.358,0.0010750022483989596,2193.483784347294,3
frame221,221,NaN,NaN,NaN,NaN,NaN,3
frame222,222,2.511786368096868,0.9995170585343686,2.513,0.0012136319031318028,2070.6443144046807,3
frame223,223,NaN,NaN,NaN,NaN,NaN,3
frame224,224,NaN,NaN,NaN,NaN,NaN,3
frame225,225,2.3658102320348844,0.9994973519370023,2.367,0.0011897679651156068,1989.4635503738787,3
frame226,226,2.431649517074227,0.9994449309799537,2.433,0.001350482925772667,1801.5777567924306,3
frame227,227,2.440840579763055,0.9995252169381879,2.442,0.0011594202369451523,2106.225096117174,3
frame228,228,2.3747782528623937,0.9994857966592566,2.376,0.001221747137606144,1944.7559375137687,3
frame229,229,NaN,NaN,NaN,NaN,NaN,3
frame230,230,NaN,NaN,NaN,NaN,NaN,3
frame231,231,NaN,NaN,NaN,NaN,NaN,3
frame232,232,0.25855628769699374,-0.13063017432809185,1.9568333333333332,2.215389621030327,0.8832908282847577,3
frame233,233,0.33447804621045524,-0.18406924412479014,1.8608571428571428,2.195335189067598,0.8476414682021679,3
frame234,234,0.43525334887063616,-0.23811167127389865,1.8535714285714284,2.288824777442064,0.8098354434291539,3
frame235,235,0.004973993311928826,0.002044386893517808,2.433,2.428026006688071,1.0020485749733437,3
frame236,236,0.5011394142959164,-0.2650172736306294,1.9027142857142856,2.403853700010202,0.7915266580932985,3
frame237,237,0.620007632943395,-0.332803679353882,1.8748749999999998,2.494882632943395,0.7514882564988931,3
frame238,238,0.5844708694664617,-0.3290634626316717,1.8139999999999998,2.3984708694664616,0.7563152102837601,3
frame239,239,0.6525842086706946,-0.359195461061127,1.835,2.4875842086706945,0.7376634702873356,3
frame240,240,0.718881513452907,-0.3943096582628194,1.84475,2.563631513452907,0.7195846947267944,3
frame241,241,0.8759711649201671,-0.48778002316556396,1.8193333333333335,2.6953044982535004,0.6750010377351511,3
frame242,242,0.6653892906227757,-0.37977191936461524,1.7787142857142855,2.4441035763370613,0.7277573270360399,3
frame243,243,0.6947976921564435,-0.39774435699087096,1.7687142857142855,2.4635119778707297,0.7179645569424128,3
frame244,244,0.809804124556027,-0.4601897875664687,1.7666666666666666,2.5764707912226936,0.685692487834599,3
frame1,1,0.18578067990871272,0.03684322708859121,3.743333333333333,3.6028331092600805,1.0389971502460482,4
frame2,2,0.27020893602714136,0.0635372930810369,4.104888888888889,3.8346799528617472,1.0704645340285803,4
frame3,3,0.24342826200328677,0.05299840599129588,4.0681111111111115,3.8411340794208026,1.0590911504251719,4
frame4,4,0.11929058028262629,0.0014276492452942548,4.000142857142857,3.9913340968607796,1.0022069714206598,4
frame5,5,0.10412781408905973,-0.007580515939674957,4.004142857142857,4.031456074525621,0.9932249745804368,4
frame6,6,0.1312596137701771,0.003024164933721546,4.010285714285715,3.9928091410380793,1.004377011930776,4
frame7,7,0.24366155302001136,-0.06133022045906168,4.028875,4.272536553020012,0.9429702824080508,4
frame8,8,0.40322237118972976,-0.10067602238487242,4.078,4.481222371189729,0.9100195576586223,4
frame9,9,0.08570792512965508,-0.007341841374865607,4.07125,4.096466628209379,0.9938442979040204,4
frame10,10,NaN,NaN,NaN,NaN,NaN,4
frame11,11,0.28299790782285833,0.01337029426182577,4.170857142857143,4.081473233263556,1.0218999132139635,4
frame12,12,0.34569203684241046,-0.07928127555501652,4.132142857142857,4.440238327322989,0.9306128528542561,4
frame13,13,0.293713611968838,-0.03972585531662712,4.15425,4.297019353649922,0.9667747938978556,4
frame14,14,0.4293916191277612,-0.10811467546310774,4.099625,4.529016619127761,0.9051909817874642,4
frame15,15,NaN,NaN,NaN,NaN,NaN,4
frame16,16,0.193004446321884,-0.03497356621080385,3.9933333333333327,4.127182100228622,0.9675689699061558,4
frame17,17,0.17447231821653264,-0.0003566308158261953,3.966666666666667,3.961880131864119,1.0012081473046222,4
frame18,18,0.2258692794896843,-0.02185582577408666,4.0088333333333335,4.086308869992874,0.9810402152347149,4
frame19,19,NaN,NaN,NaN,NaN,NaN,4
frame20,20,NaN,NaN,NaN,NaN,NaN,4
frame21,21,0.2188877846155047,-0.047454545623043166,3.9418333333333333,4.12754380626663,0.9550070255701849,4
frame22,22,NaN,NaN,NaN,NaN,NaN,4
frame23,23,NaN,NaN,NaN,NaN,NaN,4
frame24,24,NaN,NaN,NaN,NaN,NaN,4
frame25,25,NaN,NaN,NaN,NaN,NaN,4
frame26,26,NaN,NaN,NaN,NaN,NaN,4
frame27,27,NaN,NaN,NaN,NaN,NaN,4
frame28,28,NaN,NaN,NaN,NaN,NaN,4
frame29,29,0.7572855956264735,-0.19255648248422974,3.9305,4.6877855956264725,0.83845558202726,4
frame30,30,0.5100266993771109,-0.12929604343897635,3.9411428571428564,4.451169556519967,0.8854173733665042,4
frame31,31,0.3860704564596846,-0.09752023663565683,3.9555555555555557,4.341626012015239,0.9110769892682483,4
frame32,32,0.43537084085771427,-0.11100268332783214,3.9335,4.368870840857714,0.9003470560891563,4
frame33,33,0.5430102898241417,-0.137713627201891,3.9511000000000003,4.494110289824141,0.8791729052458592,4
frame34,34,0.5919460091354694,-0.15013177063463579,3.953888888888889,4.545834898024358,0.8697827742506152,4
frame35,35,0.6447768811692772,-0.1631101369331909,3.9681111111111114,4.612887992280388,0.8602227319960287,4
frame36,36,0.5485939409468801,-0.140663059986886,3.91275,4.46134394094688,0.8770339278458666,4
frame37,37,0.5119327285098313,-0.13009342353123166,3.961166666666666,4.473099395176498,0.8855530174308518,4
frame38,38,0.5262264562280295,-0.13146545022001374,4.027,4.553226456228029,0.8844277873532422,4
frame39,39,0.3815721625775866,-0.09686381580274687,4.005,4.386572162577587,0.9130135904675573,4
frame40,40,0.4566115924932556,-0.11528711590097745,4.040666666666667,4.4972782591599225,0.898469348307892,4
frame41,41,0.3983594377839277,-0.10106989328930982,3.9939999999999998,4.392359437783927,0.9093062752658259,4
frame42,42,0.6904077667704615,-0.17475921076719003,3.9746666666666663,4.665074433437128,0.8520049837100276,4
frame43,43,0.6793579255496813,-0.17159458282134277,4.026,4.705357925549681,0.8556203510341207,4
frame44,44,0.8521162094913298,-0.22334509147281012,3.859666666666667,4.711782876157996,0.8191520636905605,4
frame45,45,0.766957115501239,-0.19843637610953357,3.8816666666666664,4.648623782167905,0.8350141565675239,4
frame46,46,0.5088512878769426,-0.1327648854650566,3.856666666666667,4.365517954543609,0.8834385076008375,4
frame47,47,0.8929349220597906,-0.23392033429718795,3.816333333333333,4.709268255393124,0.8103877558817787,4
frame48,48,0.6067344467284621,-0.15915497534060366,3.8091999999999997,4.415934446728462,0.8626033846181841,4
frame49,49,0.3760582140263679,-0.09936329895539135,3.8346000000000005,4.210658214026369,0.9106889719109333,4
frame50,50,0.5087801847718992,-0.13500812001702553,3.7928181818181823,4.301598366590081,0.8817229919177196,4
frame51,51,0.5832857059475026,-0.15530519753024905,3.7787500000000005,4.362035705947503,0.8662813087127622,4
frame52,52,0.6229359637762101,-0.16734175343533186,3.7520833333333337,4.375019297109543,0.8576152648771707,4
frame53,53,0.5586500787138129,-0.15095617083576687,3.7255000000000003,4.284150078713812,0.8696007216251561,4
frame54,54,0.3944078033980312,-0.10737646171438615,3.7239999999999993,4.118407803398031,0.9042329409261967,4
frame55,55,0.32301343164909413,-0.08617491631959578,3.6824545454545445,3.994870392357666,0.9217957489933128,4
frame56,56,0.36029287926170767,-0.09793378361055874,3.704307692307692,4.0646005715694,0.9113583554108998,4
frame57,57,0.32704612075267414,-0.08896639970926594,3.6961538461538463,4.02319996690652,0.9187099514210468,4
frame58,58,0.4920655183806972,-0.13271810395346428,3.6799999999999997,4.172065518380697,0.8820570970870844,4
frame59,59,0.5380188767135354,-0.13909544879817914,3.7012727272727273,4.228284308479494,0.8753604197925182,4
frame60,60,0.29692229455350516,-0.08261006281519534,3.592461538461538,3.887957063569566,0.9239972252068208,4
frame61,61,0.20772551169678496,-0.037085831508861536,3.5659,3.6966041406845704,0.9646421051023426,4
frame62,62,0.2988390087906554,-0.0822685280452395,3.4971666666666668,3.7819725412132716,0.9246938280373559,4
frame63,63,0.328925647029157,-0.09249827726425773,3.502923076923077,3.8217073658927374,0.9165858977548393,4
frame64,64,0.3434262766622317,-0.10017102390607276,3.449357142857143,3.7927834195193744,0.9094527056581178,4
frame65,65,0.5527440336432391,-0.16318049537516482,3.429,3.9817440336432384,0.8611804201945433,4
frame66,66,0.4112834572881144,-0.1213996112355553,3.4883571428571427,3.8996406001452573,0.8945329840722258,4
frame67,67,0.49324214829247237,-0.14455165789592442,3.3944666666666663,3.8716933761494565,0.8767395392355657,4
frame68,68,0.49130610144207537,-0.14538771655538782,3.3801428571428573,3.8611972973003423,0.8754131418009055,4
frame69,69,0.6105652888964349,-0.18503422376560505,3.3482142857142856,3.9587795746107206,0.8457693141562513,4
frame70,70,0.6716404070723794,-0.20563215008574867,3.3380000000000005,4.0096404070723795,0.8324936056890014,4
frame71,71,0.7458143294886457,-0.22951636326618113,3.302333333333333,4.04814766282198,0.8157640502251994,4
frame72,72,0.6547850403233895,-0.20278329337727388,3.2787142857142855,3.933499326037675,0.8335362520621116,4
frame73,73,0.6590952958082106,-0.2064242609748139,3.245214285714286,3.9043095815224964,0.8311877472710054,4
frame74,74,0.6797723746400212,-0.21365281842372222,3.216928571428571,3.896700946068593,0.8255518234403262,4
frame75,75,0.6076425054565551,-0.19136021004657972,3.232,3.8396425054565553,0.8417450310561392,4
frame76,76,0.568574223129711,-0.1800128017972352,3.199,3.767574223129711,0.8490874527065326,4
frame77,77,0.5057025511961847,-0.16301225486539414,3.1558571428571436,3.6615596940533277,0.8618887595858435,4
frame78,78,0.6998849126434582,-0.22447906904827775,3.1354166666666665,3.835301579310125,0.8175150250454749,4
frame79,79,0.733549629057301,-0.234936055061942,3.1317500000000003,3.8652996290573007,0.8102217940511369,4
frame80,80,0.7152516410267413,-0.23396413669542168,3.0687692307692314,3.7840208717959722,0.8109810528906337,4
frame81,81,0.6371064012126787,-0.2060262290536993,3.0980000000000003,3.7351064012126787,0.8294275094798294,4
frame82,82,0.6927435463854966,-0.22681471480184004,3.06625,3.7589935463854967,0.8157103655972988,4
frame83,83,0.739971764752975,-0.2451073666378173,3.0455,3.785471764752975,0.8045232375940697,4
frame84,84,0.729766471171466,-0.24298049202218722,3.029818181818182,3.759584652989648,0.8058917304625258,4
frame85,85,0.8188903518420936,-0.27407207020332786,3.0253636363636365,3.8442539882057303,0.7869832861318554,4
frame86,86,0.653967544939,-0.22167657929327123,2.977818181818182,3.6317857267571823,0.8199322333030569,4
frame87,87,0.6914192470864969,-0.23747636593161336,2.9685454545454544,3.659964701631951,0.8110858154511168,4
frame88,88,0.7930597219372736,-0.2751011471315676,2.9157,3.708759721937274,0.786165785492564,4
frame89,89,0.7378289259529072,-0.25953812065870685,2.8741818181818184,3.6120107441347256,0.7957290334335211,4
frame90,90,0.7623093297373235,-0.26867524786601565,2.8609999999999998,3.623309329737323,0.7896096467721159,4
