,frame,RMS,abs rel,mean GT,mean pred,scaling factor,file number,,,,,,,,
frame1,1,0.450165385360184,0.343892198460723,1.305,0.854834614639816,1.52661108669524,4,,,,,,,,
frame2,2,NaN,NaN,NaN,NaN,NaN,4,,,,,,,,
frame3,3,0.338840531389477,0.289113081390339,1.172,0.833159468610523,1.40669348924831,4,,,,,,,,
frame4,4,0.270550894062074,0.232631895152256,1.163,0.892449105937926,1.30315554384217,4,,,,,,,,
frame5,5,0.33415018559954,0.282749403201844,1.1795,0.84534981440046,1.39528036785165,4,,,,,,,,
frame6,6,0.271701697903109,0.232044539107514,1.168,0.89629830209689,1.30313757960655,4,,,,,,,,
frame7,7,0.277468330668058,0.242118962188532,1.146,0.868531669331942,1.31946829397883,4,,,,,,,,
frame8,8,0.295195858590489,0.25849024394964,1.142,0.846804141409511,1.34859992311697,4,,,,,,,,
frame9,9,0.431330746815622,0.372341953350977,1.157,0.725669253184378,1.594390274802,4,,,,,,,,
frame10,10,0.311628306775366,0.270068435162826,1.1525,0.840871693224634,1.37060149519401,4,,,,,,,,
frame11,11,0.376739812977398,0.326291780772004,1.1535,0.776760187022602,1.485014318797,4,,,,,,,,
frame12,12,0.328738637708496,0.285634822104715,1.1495,0.820761362291504,1.40052889038378,4,,,,,,,,
frame13,13,0.255573926159278,0.220446133881707,1.158,0.902426073840722,1.28320760399969,4,,,,,,,,
frame14,14,4.45055413139514,-1.54640518811506,2.878,7.32855413139514,0.392710478547303,4,,,,,,,,
frame15,15,0.248335629284374,0.212952366377222,1.1645,0.916164370715626,1.2710601254777,4,,,,,,,,
frame16,16,0.294462192491706,0.253560029711864,1.16,0.865537807508293,1.34020719827295,4,,,,,,,,
frame17,17,0.291199142407094,0.249842862373354,1.1635,0.872300857592906,1.33382879298165,4,,,,,,,,
frame18,18,0.255134663144948,0.218034803359768,1.169,0.913865336855052,1.27918190225155,4,,,,,,,,
frame19,19,0.249930736575743,0.213740760491693,1.168,0.918069263424257,1.27223516409158,4,,,,,,,,
frame20,20,0.321843396178203,0.273935466379546,1.1735,0.851656603821797,1.37790277763823,4,,,,,,,,
frame21,21,0.300560273204599,0.252926787931774,1.1865,0.885939726795401,1.33925589305243,4,,,,,,,,
frame22,22,0.19134963352041,0.160672746157253,1.1895,0.99815036647959,1.19170421606445,4,,,,,,,,
frame23,23,0.300954489596464,0.251859335594793,1.1945,0.893545510403536,1.336809357881,4,,,,,,,,
frame24,24,0.655509211427993,-0.19313033350953,1.22366666666667,1.47337905602609,0.83051721256787,4,,,,,,,,
frame25,25,0.358798630889792,0.09090752180951,1.19575,1.08975360112254,1.09726639009797,4,,,,,,,,
frame26,26,0.342948180932717,0.27989572766394,1.223,0.880051819067283,1.38969089490229,4,,,,,,,,
frame27,27,0.341408167125618,0.281397063781561,1.209,0.867591832874382,1.39351242622296,4,,,,,,,,
frame28,28,0.326869946128674,0.266131482126958,1.2265,0.899630053871326,1.36333817964626,4,,,,,,,,
frame29,29,0.436773514422633,0.351572517185876,1.2415,0.804726485577367,1.54276020766144,4,,,,,,,,
frame30,30,0.373482678522399,0.298199515864885,1.2505,0.877017321477601,1.42585553258304,4,,,,,,,,
frame31,31,0.372929681516977,0.298022153084552,1.24966666666667,0.87673698514969,1.4253609552622,4,,,,,,,,
frame32,32,0.433417731386297,0.341637040112137,1.2642,0.830782268613704,1.52169834114241,4,,,,,,,,
frame33,33,0.267356795238184,0.210466688642462,1.26833333333333,1.00097653809515,1.26709596585247,4,,,,,,,,
frame34,34,0.292142756670821,0.227696327758678,1.28,0.987857243329179,1.29573378000071,4,,,,,,,,
frame35,35,0.284938811296067,0.221013408881558,1.28725,1.00231118870393,1.28428178245173,4,,,,,,,,
frame36,36,0.316613618695249,0.243843419421868,1.297,0.980386381304751,1.32294779357694,4,,,,,,,,
frame37,37,1.35581470354775,0.588921192055209,2.0845,0.728685296452246,2.86063134545025,4,,,,,,,,
frame38,38,0.774566506708818,0.586719864307267,1.3195,0.544933493291182,2.42139640202834,4,,,,,,,,
frame39,39,0.36276305993287,0.269402764946516,1.343,0.98023694006713,1.37007691212701,4,,,,,,,,
frame40,40,2.1765744043572,-0.967099558203101,1.35416666666667,2.66529137164366,0.508074532140765,4,,,,,,,,
frame41,41,3.9648836840632,-2.2162852668214,1.3758,4.37159876913549,0.31471323711441,4,,,,3910322.53637857,2807861.6618184,1.3932,-3910321.14317857,-3.56287872271154E-07
frame42,42,NaN,NaN,NaN,NaN,NaN,4,,,,,,,,
frame43,43,0.392642375037708,0.277617222844481,1.4066,1.01395762496229,1.38723745980244,4,,,,,,,,
frame44,44,0.365096251036551,0.25727006457178,1.4116,1.04650374896345,1.34887237756976,4,,,,,,,,
frame45,45,0.259309798416093,0.176802618815737,1.44733333333333,1.18802353491724,1.21826991704685,4,,,,,,,,
frame46,46,0.29758021735794,0.20680035751816,1.4316,1.13401978264206,1.26241183964589,4,,,,,,,,
frame47,47,0.291713628188151,0.195912760599046,1.47083333333333,1.17911970514518,1.24739950228568,4,,,,,,,,
frame48,48,0.311711966361121,0.203157411596573,1.51533333333333,1.20362136697221,1.25897842537081,4,,,,,,,,
frame49,49,0.238144354107758,0.156631078116105,1.49666666666667,1.25852231255891,1.18922537306752,4,,,,,,,,
frame50,50,0.303942809311341,0.198827226588654,1.50983333333333,1.20589052402199,1.25204842666613,4,,,,,,,,
frame51,51,0.280505549317865,0.182713158457899,1.51483333333333,1.23432778401547,1.22725369464287,4,,,,,,,,
frame52,52,1.27041509056871,-0.551348572519723,1.51228571428571,2.3233732111519,0.650900900047797,4,,,,,,,,
frame53,53,0.460770672719214,0.30219934681624,1.51916666666667,1.05839599394745,1.43534808838486,4,,,,,,,,
frame54,54,0.427733078287421,0.279661792970558,1.52383333333333,1.09610025504591,1.39023171130409,4,,,,,,,,
frame55,55,0.39882778705786,0.259738013575258,1.53016666666667,1.13133887960881,1.3525272526617,4,,,,,,,,
frame56,56,0.466951610037351,0.302321160504328,1.54083333333333,1.07388172329598,1.43482592161469,4,,,,,,,,
frame57,57,0.448972349039097,0.287518767736044,1.5605,1.1115276509609,1.40392368885377,4,,,,,,,,
frame58,58,0.457729520845625,0.290153308806265,1.5755,1.11777047915437,1.40950224521219,4,,,,,,,,
frame59,59,0.501448649955398,0.31754305867862,1.576,1.0745513500446,1.46665861983663,4,,,,,,,,
frame60,60,0.488160243412933,0.305598522093095,1.594,1.10583975658707,1.4414385000224,4,,,,,,,,
frame61,61,0.333147773262749,0.207246259140126,1.59966666666667,1.26651889340392,1.26304208725018,4,,,,,,,,
frame62,62,0.44719810293687,0.273538391181771,1.62842857142857,1.1812304684917,1.37858666438556,4,,,,,,,,
frame63,63,0.44853434581559,0.272084685224325,1.64228571428571,1.19375136847012,1.37573514691792,4,,,,,,,,
frame64,64,0.470701077388773,0.284349220985868,1.64942857142857,1.1787274940398,1.39932985339602,4,,,,,,,,
frame65,65,0.529274133847113,0.316901572253326,1.66257142857143,1.13329729472432,1.46702143939721,4,,,,,,,,
frame66,66,0.570235878893623,0.339084773356773,1.67585714285714,1.10562126396352,1.51576059314326,4,,,,,,,,
frame67,67,0.518911643323249,0.304786528704505,1.69685714285714,1.17794549953389,1.44052262479765,4,,,,,,,,
frame68,68,0.563229789633804,0.327413292433412,1.71514285714286,1.15191306750905,1.48895164532837,4,,,,,,,,
frame69,69,2.2484015550473,-0.681051970586172,1.716875,2.82120591588875,0.608560683334291,4,,,,,,,,
frame70,70,0.493430992769962,0.280754427534298,1.75014285714286,1.2567118643729,1.39263653567573,4,,,,,,,,
frame71,71,0.71066146638674,0.07974610979605,1.75977777777778,1.59911930668585,1.10046684473149,4,,,,,,,,
frame72,72,0.649962321842957,0.032001201429725,1.77688888888889,1.70416149175208,1.04267635285083,4,,,,,,,,
frame73,73,0.714669384083613,-0.084040834516261,1.788625,1.91697823353182,0.933043979693321,4,,,,,,,,
frame74,74,0.64770863060712,-0.091527418611091,1.8005,1.9448118130797,0.925796515575883,4,,,,,,,,
frame75,75,0.458312846159849,0.07367473058543,1.822375,1.67700883885376,1.08668180976649,4,,,,,,,,
frame76,76,1.03222369217881,-0.278627715304004,1.833875,2.30043118177572,0.797187507510839,4,,,,,,,,
frame77,77,0.696470322325775,-0.03649967578567,1.8515,1.89765378493386,0.975678500841253,4,,,,,,,,
frame78,78,0.77142647104293,-0.091494999467682,1.866875,2.00698936360602,0.930186793140611,4,,,,,,,,
frame79,79,0.419216434952409,0.219913504858357,1.90114285714286,1.48192642219045,1.28288613299219,4,,,,,,,,
frame80,80,1.02970332320969,-0.216280053047138,1.895375,2.27089267947182,0.834638737943724,4,,,,,,,,
frame81,81,0.293888662753986,0.153659152568539,1.91057142857143,1.61668276581744,1.18178499144536,4,,,,,,,,
frame82,82,0.2622056272798,0.135786332403348,1.93,1.6677943727202,1.15721699963056,4,,,,,,,,
frame83,83,0.319117818505332,0.166146780243355,1.92228571428571,1.60316789578038,1.19905452157897,4,,,,,,,,
frame84,84,0.35012587550964,0.181548281997848,1.92942857142857,1.57930269591893,1.2216964970771,4,,,,,,,,
frame85,85,0.262780402453702,0.136270409246545,1.92825,1.6654695975463,1.157781566737,4,,,,,,,,
frame86,86,0.300560133817704,0.154439853281593,1.94577777777778,1.64521764396007,1.18268715687625,4,,,,,,,,
frame87,87,0.317649091327575,0.162296448618649,1.95755555555556,1.63990646422798,1.19369951778141,4,,,,,,,,
frame88,88,1.50441014788642,-0.479005480145269,1.9686,2.89331309750157,0.6803964637287,4,,,,,,,,
frame89,89,0.295044144928593,0.147956317369816,1.99177777777778,1.69673363284918,1.17388948932022,4,,,,,,,,
frame90,90,0.571192657956254,-0.043608580703762,2.0005,2.07187621441167,0.965549961954684,4,,,,,,,,
frame91,91,0.615419298455567,-0.039654666624506,2.0153,2.07550209162287,0.970993962441253,4,,,,,,,,
frame92,92,0.419709955757204,0.057915414010898,2.02044444444444,1.89311115565289,1.06726139054822,4,,,,,,,,
frame93,93,0.410103632437802,0.119877077981474,2.03344444444444,1.78265205579136,1.14068499112787,4,,,,,,,,
frame94,94,0.351565047440002,0.122221402682694,2.061,1.80555587222715,1.14147672287635,4,,,,,,,,
frame95,95,0.517408553860469,-0.015278736624496,2.0783,2.09834365808695,0.99044786681643,4,,,,,,,,
frame96,96,0.303799993595532,0.120507975995121,2.0889,1.83425152619845,1.13882963713778,4,,,,,,,,
frame97,97,0.436202867663417,0.056396681031314,2.1179,1.99090235479133,1.06378898739209,4,,,,,,,,
frame98,98,0.308399935599196,0.144357975070061,2.1358,1.8274000644008,1.1687643234818,4,,,,,,,,
frame99,99,0.450625789517859,0.083612062181868,2.15077777777778,1.9622655267438,1.09606867595885,4,,,,,,,,
frame100,100,0.471202112266187,0.058208847830632,2.16422222222222,2.02921489833759,1.06653180202611,4,,,,,,,,
frame101,101,0.813293361729849,-0.045550643311081,2.1799,2.25921096826306,0.964894394823146,4,,,,,,,,
frame102,102,0.55214152509389,-0.035141128629188,2.2119,2.27148638024105,0.973767670033432,4,,,,,,,,
frame103,103,0.392257003319826,0.094459004114677,2.2168,2.00036703604942,1.10819662594422,4,,,,,,,,
frame104,104,0.345307308043934,0.149654716317926,2.2338,1.89701834236035,1.17753210399675,4,,,,,,,,
frame105,105,0.416272557051227,0.184910898199088,2.2484,1.83212744294877,1.22720720583784,4,,,,,,,,
frame106,106,0.416678529602989,0.184337164066124,2.2619,1.84522147039701,1.22581491505913,4,,,,,,,,
frame107,107,0.403292807289002,0.176601050661261,2.28488888888889,1.88159608159989,1.21433548423745,4,,,,,,,,
frame108,108,0.400446151659692,0.173684547709482,2.299625,1.89917884834031,1.21085225965403,4,,,,,,,,
frame109,109,0.356119974372009,0.154444443856986,2.30022222222222,1.94410224785021,1.18317965259585,4,,,,,,,,
frame110,110,0.326030482264078,0.140739935685956,2.30322222222222,1.97719173995814,1.16489573351696,4,,,,,,,,
frame111,111,0.341536978263088,0.146570214539452,2.31644444444444,1.97490746618136,1.1729382181756,4,,,,,,,,
frame112,112,0.349841406241843,0.133515813244652,2.31622222222222,2.004429674907,1.15555175181174,4,,,,,,,,
frame113,113,0.410288654129429,0.175102942638863,2.34425,1.93396134587057,1.21214935603831,4,,,,,,,,
frame114,114,0.43676380779213,0.176811785484999,2.33966666666667,1.92546422171417,1.21511822462416,4,,,,,,,,
frame115,115,0.473382319045867,0.201184736873164,2.35366666666667,1.8802843476208,1.25176102733869,4,,,,,,,,
frame116,116,0.402685459643622,0.170342931305626,2.366,1.96331454035638,1.20510491384153,4,,,,,,,,
frame117,117,0.439285953162507,0.184400180206653,2.38255555555556,1.94326960239305,1.22605507368692,4,,,,,,,,
frame118,118,0.457814849631716,0.167233106532518,2.3892,1.98982645959248,1.20070772427527,4,,,,,,,,
frame119,119,0.449852282216003,0.187344344670716,2.40177777777778,1.95192549556178,1.23046590827307,4,,,,,,,,
frame120,120,0.51809829051746,0.214348414083442,2.41811111111111,1.90001282059365,1.27268147083112,4,,,,,,,,
frame121,121,0.421333526086665,0.173202406594563,2.4288,2.00746647391334,1.20988321925263,4,,,,,,,,
frame122,122,0.454199028588889,0.18617747248021,2.44333333333333,1.98913430474445,1.22834005099884,4,,,,,,,,
frame123,123,0.457499678322487,0.186506350576712,2.45233333333333,1.99483365501085,1.22934226980445,4,,,,,,,,
frame124,124,0.417275843368514,0.168421433560696,2.4712,2.05392415663149,1.20316029782368,4,,,,,,,,
frame125,125,0.550004773438931,0.220945109200177,2.48722222222222,1.93721744878329,1.28391483557221,4,,,,,,,,
frame126,126,0.463596235723553,0.184196006680653,2.51055555555556,2.046959319832,1.22648043428709,4,,,,,,,,
frame127,127,0.391141015829521,0.154404473533026,2.52766666666667,2.13652565083715,1.18307340034802,4,,,,,,,,
frame128,128,0.383992417973322,0.150500460453063,2.5461,2.16210758202668,1.17760097654964,4,,,,,,,,
frame129,129,0.362741534266115,0.072728516148647,2.5697,2.37808906756534,1.08057348862498,4,,,,,,,,
frame130,130,0.374951878445852,0.08888309155131,2.5809,2.34381226104219,1.10115474814198,4,,,,,,,,
frame131,131,0.326374479084399,0.126431642390105,2.5718,2.2454255209156,1.14535083708825,4,,,,,,,,
frame132,132,0.322492467623675,0.066514216594145,2.6123,2.43138176989258,1.07440963502635,4,,,,,,,,
frame133,133,0.298749823717918,0.111451142097637,2.65277777777778,2.35402795405986,1.12691005780228,4,,,,,,,,
frame134,134,0.921448164026355,-0.159833196006275,2.6609,3.05864105125602,0.869961514087216,4,,,,,,,,
frame135,135,0.603268923011939,-0.069548976107189,2.6696,2.84413614049115,0.938632986654075,4,,,,,,,,
frame136,136,0.309647035319294,0.071776126981191,2.6849,2.4900210117994,1.07826399346718,4,,,,,,,,
frame137,137,0.689004640118405,-0.030956983941347,2.7341,2.80981564618337,0.973053162300445,4,,,,,,,,
frame138,138,0.714355690078234,0.012420137068767,2.7368,2.68832203675374,1.01803279613956,4,,,,,,,,
frame139,139,0.877125297643705,-0.03858709100508,2.7462,2.86105760924513,0.959854842183541,4,,,,,,,,
frame140,140,0.376734286815071,0.106575850400695,2.7342,2.4355920730556,1.12260178140988,4,,,,,,,,
frame141,141,0.358723785819535,0.111110011961254,2.7611,2.44931683653472,1.12729392899058,4,,,,,,,,
frame142,142,0.544537253623105,0.059250651582989,2.8108,2.63246390604349,1.06774493414595,4,,,,,,,,
frame143,143,0.448984787593181,0.0389024164148,2.7403,2.62777903116087,1.0428197985846,4,,,,,,,,
frame144,144,0.396726740452435,0.046995794754647,2.7576,2.62469148207348,1.05063776784216,4,,,,,,,,
frame145,145,1.12095940967402,-0.244118109828006,2.7739,3.46794634022309,0.799868200908079,4,,,,,,,,
frame146,146,1.19223877128693,-0.242851150095217,2.7802,3.48530033540539,0.797693091684916,4,,,,,,,,
frame147,147,1.16260139362657,-0.246061783539158,2.7785,3.47831918085244,0.798805358431503,4,,,,,,,,
frame148,148,0.541381834559605,-0.053891214550731,2.8143,2.97081880534803,0.947314590487219,4,,,,,,,,
frame149,149,0.307496046608798,0.026400267709909,2.8121,2.737403707858,1.02728727659993,4,,,,,,,,
frame150,150,0.856056177152452,-0.186650563668185,2.8278,3.34307161678953,0.845868806937387,4,,,,,,,,
frame151,151,0.489959010159656,-0.045188399521463,2.8417,2.96158376425343,0.959520387131901,4,,,,,,,,
frame152,152,0.457466316098686,-0.06461477939026,2.8652,3.04128382986908,0.942102138531192,4,,,,,,,,
frame153,153,0.417545271868555,-0.059068812660028,2.9032,3.06375156925628,0.94759641386483,4,,,,,,,,
frame154,154,0.234899377754182,-0.003204200672608,2.9027,2.90724149323743,0.998437868595369,4,,,,,,,,
frame155,155,0.180321983034973,0.023574156619038,2.9552,2.88173030231476,1.0254949943186,4,,,,,,,,
frame156,156,0.375186977624252,-0.068332794058878,2.957,3.14855483224106,0.93916103023535,4,,,,,,,,
frame157,157,0.480581638587379,-0.075891036763517,2.9927,3.20250324693863,0.934487733263288,4,,,,,,,,
frame158,158,0.537165913415511,-0.075846926652456,3.0304,3.23082242451144,0.937965509032349,4,,,,,,,,
frame159,159,0.425140520682133,-0.088970897878967,2.9987,3.24165891321514,0.925051055734247,4,,,,,,,,
frame160,160,0.519098110686154,-0.081016640085007,3.0562,3.28067617665258,0.931576246918214,4,,,,,,,,
frame161,161,0.592885914451791,-0.082529670098646,3.0683,3.27977002575628,0.935522910418843,4,,,,,,,,
frame162,162,0.535406295369046,-0.080350028980953,3.0879,3.32030939224064,0.930003693997985,4,,,,,,,,
frame163,163,0.196674766028315,0.062255545737864,3.13433333333333,2.93765856730502,1.06694949788149,4,,,,,,,,
frame164,164,0.360657015553925,0.000223757958877,3.1715,3.15688320465624,1.00463013497686,4,,,,,,,,
frame165,165,0.21711375880424,0.064313321979797,3.197,2.98410581843005,1.07134270515982,4,,,,,,,,
frame166,166,0.303811609840469,0.018914440940021,3.2107,3.14516368814326,1.02083717044801,4,,,,,,,,
frame167,167,0.640831651490539,-0.091563382290202,3.208,3.53921900683252,0.906414662050273,4,,,,,,,,
frame168,168,0.207821705214038,0.06183116784936,3.21222222222222,3.00611256394752,1.06856351979183,4,,,,,,,,
frame169,169,0.095522690987827,0.013022651188652,3.19111111111111,3.14705325625892,1.01399971696207,4,,,,,,,,
frame170,170,0.172421206873642,0.03492687218255,3.253,3.13262078016733,1.03842763879841,4,,,,,,,,
frame171,171,0.154641468864164,0.037280878277613,3.25477777777778,3.1269611511968,1.0408756682289,4,,,,,,,,
frame172,172,0.200229415494582,-0.030450086708954,3.2588,3.36349588231076,0.968872897136169,4,,,,,,,,
frame173,173,0.551442330299994,-0.13692611680511,3.3054,3.77740750254998,0.8750445901769,4,,,,,,,,
frame174,174,0.19166120467574,-0.016392189233646,3.3193,3.37795097609216,0.982637114479378,4,,,,,,,,
frame175,175,0.59385745343146,-0.125427244581396,3.3255,3.760219943418,0.884389756461202,4,,,,,,,,
frame176,176,0.654216571476692,-0.123671537031614,3.3387,3.78161283236773,0.882877266393659,4,,,,,,,,
frame177,177,0.657323080174014,-0.150524937392887,3.3001,3.83101771414033,0.861416011682559,4,,,,,,,,
frame178,178,0.706132471673875,-0.147747170240241,3.3231,3.82745309587227,0.868227491431263,4,,,,,,,,
frame179,179,0.83075116862552,-0.177708280966535,3.3368,3.95096571681208,0.844553012900443,4,,,,,,,,
frame180,180,0.154730090181911,0.004136794254019,3.35688888888889,3.33782512596761,1.00571143250525,4,,,,,,,,
frame181,181,0.092358300081964,0.00581235077665,3.36377777777778,3.34184733810281,1.00656237028691,4,,,,,,,,
frame182,182,0.296084748274121,-0.05836736371354,3.3805,3.57091185943506,0.946676964615648,4,,,,,,,,
frame183,183,0.259408406548056,-0.007798614978113,3.36533333333333,3.38388787423074,0.994516797959323,4,,,,,,,,
frame184,184,0.197560148284759,-0.035624993572527,3.3489,3.46531635082289,0.966405274717489,4,,,,,,,,
frame185,185,0.134237706649436,-0.008744327738455,3.3507,3.37912350737018,0.991588497044222,4,,,,,,,,
frame186,186,0.157234576449838,-0.015297343266126,3.3815,3.43015582791596,0.985815271854422,4,,,,,,,,
frame187,187,0.416058434167308,-0.109434194286709,3.3871,3.75384878207307,0.902300597769277,4,,,,,,,,
frame188,188,0.155643545344836,-0.027564641720067,3.4029,3.49281157738724,0.974258108290372,4,,,,,,,,
frame189,189,0.289016458278218,-0.073798002107362,3.407,3.66362461865793,0.9299533534765,4,,,,,,,,
frame190,190,0.601821823072223,-0.163883732834339,3.4389,4.04072182307222,0.851060813036952,4,,,,,,,,
frame191,191,0.233022936100232,-0.060309187554148,3.421,3.62892779418594,0.942702691820139,4,,,,,,,,
frame192,192,0.197037337150422,-0.058655173448318,3.37066666666667,3.56433186063107,0.945665779299766,4,,,,,,,,
frame193,193,0.484778883556372,-0.139419470428501,3.4283,3.91307888355637,0.876113184021534,4,,,,,,,,
frame194,194,0.485359527222188,-0.129535084290986,3.4715,3.94590912767755,0.879771907480097,4,,,,,,,,
frame195,195,0.787583878820995,-0.228842602158452,3.4298,4.217383878821,0.813252978279708,4,,,,,,,,
frame196,196,0.22454694090862,-0.064886196981736,3.454,3.67854694090862,0.938957706802253,4,,,,,,,,
frame197,197,0.325380516647157,-0.094546629787659,3.43933333333333,3.76471384998049,0.913570983184062,4,,,,,,,,
frame198,198,0.294187090842677,-0.084538892743881,3.46877777777778,3.76296486862045,0.921820399309088,4,,,,,,,,
frame199,199,0.240568390006875,-0.068909527843208,3.50088888888889,3.74145727889576,0.935701954592978,4,,,,,,,,
frame200,200,0.267523451196391,-0.076457098506391,3.50322222222222,3.77074567341861,0.92905290508393,4,,,,,,,,
frame201,201,0.204892237946049,-0.056378270348448,3.50277777777778,3.70040205143317,0.946593837396978,4,,,,,,,,
frame202,202,0.248640363365873,-0.069487707875306,3.55877777777778,3.80517401351204,0.935247051814366,4,,,,,,,,
frame203,203,0.498211422582727,-0.137442113577814,3.5806,4.07881142258273,0.877853773816477,4,,,,,,,,
frame204,204,0.288550371071584,-0.080614140865556,3.58022222222222,3.86877259329381,0.925415525437767,4,,,,,,,,
frame205,205,0.173305091349007,-0.042819058463429,3.58244444444444,3.73485239507741,0.959193045799122,4,,,,,,,,
frame206,206,0.215627075007209,-0.048858851811996,3.6812,3.858517324573,0.954045217461185,4,,,,,,,,
frame207,207,0.257591800078988,-0.072191294831202,3.60333333333333,3.86092513341232,0.933282363377161,4,,,,,,,,
frame208,208,0.226864742552067,-0.046028650746857,3.68033333333333,3.84343371566727,0.957563888335298,4,,,,,,,,
frame209,209,1.1158582266801,-0.278992598231641,3.72655555555556,4.84168676320233,0.769681257341559,4,,,,,,,,
frame210,210,0.150537794238317,-0.036952177365907,3.704375,3.8386317694381,0.965024837623914,4,,,,,,,,
frame211,211,0.17311825194457,-0.04641136934606,3.698,3.8678784613759,0.956079679578281,4,,,,,,,,
frame212,212,0.198887829590778,-0.02137257086424,3.803125,3.8781980454966,0.980642286800239,4,,,,,,,,
frame213,213,0.152796448800809,-0.040931364724007,3.74228571428571,3.89508216308652,0.960771957457316,4,,,,,,,,
frame214,214,0.134948517390507,-0.024442795648038,3.788,3.87771226587564,0.976864640869536,4,,,,,,,,
frame215,215,0.197964750986753,-0.038759223621961,3.85128571428571,3.99510699373813,0.964000643868151,4,,,,,,,,
frame216,216,0.2163154167683,-0.039672401631937,3.84185714285714,3.98766514887063,0.963435243288976,4,,,,,,,,
frame217,217,0.528407361879231,-0.113969533024209,3.90075,4.35758493946465,0.895163273737407,4,,,,,,,,
frame218,218,0.419680394284477,-0.081843619400727,3.92711111111111,4.26296053593503,0.9212168580983,4,,,,,,,,
frame219,219,0.229077310576926,-0.057976266733223,3.84542857142857,4.06519657292054,0.945939145241855,4,,,,,,,,
frame220,220,0.311877729965231,-0.072210502394682,3.85414285714286,4.12648002591415,0.93400254767719,4,,,,,,,,
frame221,221,0.290272778197225,-0.059348186676751,3.883,4.10581783021386,0.945731194264347,4,,,,,,,,
frame222,222,0.510015907051775,-0.1026309236501,3.957375,4.38238887966225,0.903017762381917,4,,,,,,,,
frame223,223,0.314603667517808,-0.071677666036089,3.88242857142857,4.15414997399901,0.934590372453775,4,,,,,,,,
frame224,224,0.697014498009824,-0.15915430328133,3.988625,4.65775826301661,0.856340062057397,4,,,,,,,,
frame225,225,0.696487047827616,-0.167914971183781,3.951875,4.64836204782762,0.850165060152078,4,,,,,,,,
frame226,226,0.478854564434444,-0.125044125988272,3.83685714285714,4.31571170729159,0.889043894283903,4,,,,,,,,
frame227,227,0.359786707589764,-0.093477555097,3.85757142857143,4.21735813616119,0.914689078808646,4,,,,,,,,
frame228,228,0.528839201612842,-0.124032286942102,3.991625,4.5042078597227,0.88619911076789,4,,,,,,,,
frame229,229,0.252361033267287,-0.043380991704757,3.885,4.04449697170256,0.960564447737634,4,,,,,,,,
frame230,230,0.703654203335932,-0.151466800571064,3.954,4.60181150427866,0.859226849323067,4,,,,,,,,
frame231,231,0.197172489551534,-0.045225477516726,3.877,4.04952161479353,0.957397038167847,4,,,,,,,,
frame232,232,0.45984219651444,-0.114011309693275,3.869875,4.32222802563871,0.895342628164125,4,,,,,,,,
frame233,233,0.184776027840101,-0.046056586335444,3.85775,4.03363130794527,0.956396285501149,4,,,,,,,,
frame234,234,0.211463965406249,-0.055261224553498,3.83077777777778,4.04224174318403,0.947686462403488,4,,,,,,,,
frame235,235,0.187536021196352,-0.039268654449673,3.81177777777778,3.95946825952918,0.962699415156073,4,,,,,,,,
frame236,236,0.163392954156437,-0.043161717337543,3.80011111111111,3.96350406526755,0.958775630990703,4,,,,,,,,
frame237,237,0.162437908859696,-0.031762654752031,3.83522222222222,3.95405468640216,0.969946681671198,4,,,,,,,,
frame238,238,0.115279672978146,-0.022395403495384,3.804,3.88620956600609,0.978845822745844,4,,,,,,,,
frame239,239,0.748293249104888,-0.175743341906474,3.86311111111111,4.60404602248599,0.839068743501656,4,,,,,,,,
frame240,240,0.273856568197255,-0.06763934746714,3.778375,4.02950208736015,0.937677886270888,4,,,,,,,,
frame241,241,0.255214226685261,-0.057807699118807,3.7332,3.94405350690224,0.946538882767884,4,,,,,,,,
frame242,242,1.1322123256533,-0.255980701541948,3.7816,4.85571648762651,0.778793409713354,4,,,,,,,,
frame243,243,0.222532814252086,-0.049317657823488,3.68222222222222,3.85960591819255,0.954040982491447,4,,,,,,,,
frame244,244,0.54229124356428,-0.12449639465868,3.6996,4.17890746845057,0.885303163070925,4,,,,,,,,
frame245,245,0.235188525817262,-0.051493280834151,3.5588,3.73725910340233,0.952248667147571,4,,,,,,,,
frame246,246,0.174777483323771,-0.030776122791207,3.5319,3.63469038810258,0.971719630249926,4,,,,,,,,
frame247,247,0.163048962991305,-0.012653343773479,3.52766666666667,3.5677742878776,0.988758363625411,4,,,,,,,,
frame248,248,0.162686958169229,-0.025467060856907,3.46222222222222,3.54698771752333,0.976102117613112,4,,,,,,,,
frame249,249,0.109337654400533,-0.020621769783944,3.4321,3.50322097440278,0.979698404718844,4,,,,,,,,
frame250,250,0.375176585250284,-0.098953012960531,3.4499,3.8051553635659,0.906638407732981,4,,,,,,,,
frame251,251,0.174970535083812,-0.026972981106293,3.4309,3.52340771704787,0.973744816246988,4,,,,,,,,
frame252,252,0.215076411174975,-0.059956245832013,3.3788,3.58140209163444,0.943429392609201,4,,,,,,,,
frame253,253,0.360009950753515,-0.104599957886565,3.3899,3.74990995075352,0.90399504108594,4,,,,,,,,
frame254,254,0.267449629891144,-0.072895869765342,3.3555,3.60556613147585,0.930644419667462,4,,,,,,,,
frame255,255,0.266414613922508,-0.079238434902769,3.3296,3.59601461392251,0.925913923460977,4,,,,,,,,
frame256,256,0.151150896564057,-0.04326008185269,3.3385,3.48371614236871,0.958315736290164,4,,,,,,,,
frame257,257,0.146614047389767,-0.037195875051871,3.3203,3.44427679854294,0.964004983979398,4,,,,,,,,
frame258,258,0.302481353941458,-0.087501818016752,3.3449,3.64630343984929,0.917340000682514,4,,,,,,,,
frame259,259,0.553554446858407,-0.161481313920989,3.3589,3.90855777832087,0.859370691314943,4,,,,,,,,
frame260,260,0.292635809223647,-0.073471915500441,3.3263,3.56345584960086,0.933447793487486,4,,,,,,,,
frame261,261,0.203837889758605,-0.033429636648932,3.3153,3.41871922334885,0.969749132177184,4,,,,,,,,
frame262,262,0.148871037726092,-0.030479652485697,3.3267,3.42971494749149,0.969963991448666,4,,,,,,,,
frame263,263,0.183004750872406,-0.017292316918368,3.3105,3.36474676439612,0.983877905769871,4,,,,,,,,
frame264,264,0.193166395815109,0.005352565955538,3.3215,3.30057811126572,1.00633885580919,4,,,,,,,,
frame265,265,0.209528855246502,-0.025157705683366,3.3055,3.38767361840112,0.975743348487065,4,,,,,,,,
frame266,266,0.271715629042364,0.032028746235766,3.2842,3.1690760842744,1.03632728046413,4,,,,,,,,
frame267,267,0.309996045635052,0.000215109278746,3.2667,3.26205567590498,1.00142374151653,4,,,,,,,,
frame268,268,0.27852865264092,0.039133524231923,3.2737,3.13194905848649,1.0452596574422,4,,,,,,,,
frame269,269,0.449120405494169,-0.029703356425992,3.2997,3.40218681486731,0.969876194211484,4,,,,,,,,
frame270,270,0.300274033377943,0.003282232687851,3.2454,3.22001559539607,1.00788331728586,4,,,,,,,,
frame271,271,0.360472658349251,-0.040251595206907,3.2046,3.33931881594359,0.959656797278423,4,,,,,,,,
frame272,272,0.394860665375338,-0.061579614307699,3.146,3.32614475192756,0.945839773863371,4,,,,,,,,
frame273,273,0.46336862892501,-0.036281458535951,3.1682,3.29936773336756,0.960244585033362,4,,,,,,,,
frame274,274,0.234450756582334,0.037904489653193,3.1699,3.05130054879405,1.0388684920772,4,,,,,,,,
frame275,275,0.200820118691381,0.028017105808385,3.1847,3.09515438087729,1.02893090557161,4,,,,,,,,
frame276,276,0.416412496248072,-0.035287793947777,3.1545,3.25942952829155,0.967807394704879,4,,,,,,,,
frame277,277,0.179418331227327,-0.024930423174226,3.14633333333333,3.21709299405454,0.978005093153362,4,,,,,,,,
frame278,278,0.37848195551065,-0.074236076294734,3.2209,3.48589041629821,0.923982000392423,4,,,,,,,,
frame279,279,0.615799236487205,-0.104085129159897,3.14366666666667,3.46733014217373,0.906653401252368,4,,,,,,,,
frame280,280,0.734831085978234,-0.205399189875129,3.1281,3.78271227116272,0.826946322046983,4,,,,,,,,
frame281,281,0.515462432602223,-0.151689482478918,3.08477777777778,3.54902748054266,0.869189600444037,4,,,,,,,,
frame282,282,0.387712912716397,-0.095654263387818,3.10133333333333,3.39692420790294,0.912982787816722,4,,,,,,,,
frame283,283,0.422121818823092,-0.127338485344517,3.061375,3.44062248983717,0.889773582845144,4,,,,,,,,
frame284,284,0.489046865173163,-0.161649044850065,3.03557142857143,3.52461829374459,0.861248275865471,4,,,,,,,,
frame285,285,0.672096572521075,-0.221610890391656,2.9962,3.66829657252108,0.816782378623446,4,,,,,,,,
frame286,286,0.738170713642758,-0.250126672755953,2.94716666666667,3.68533738030942,0.799700641361421,4,,,,,,,,
frame287,287,1.15117067058736,-0.379671573445457,2.994,4.14517067058736,0.722286303250274,4,,,,,,,,
frame288,288,1.57005907130723,-0.519597328527914,2.94733333333333,4.51739240464057,0.652441291198355,4,,,,,,,,
frame289,289,0.858342273638517,-0.285031430799362,3.01025,3.86859227363852,0.778125423170733,4,,,,,,,,
frame290,290,0.918037197922346,-0.307073218174704,3.00075,3.91878719792235,0.765734358219536,4,,,,,,,,
frame291,291,0.992172128744787,-0.332265224393651,2.97475,3.96692212874479,0.749888680305723,4,,,,,,,,
frame292,292,5.45343766133344,-1.65570464764589,3.187,8.64043766133344,0.368847056702006,4,,,,,,,,
frame293,293,5.24297497070973,-1.63275329782083,3.1695,8.41247497070973,0.376761893620541,4,,,,,,,,
frame294,294,4.82955186066131,-1.50271010770903,3.147,7.97655186066131,0.394531378341605,4,,,,,,,,
frame295,295,3.03426628140564,-0.909948837494071,3.11385714285714,6.14812342426279,0.506472776810027,4,,,,,,,,
frame296,296,1.6764402113955,-0.516492498405448,3.09811111111111,4.77455132250661,0.648880052143753,4,,,,,,,,
frame297,297,0.683062429297205,-0.240684435975055,2.838,3.5210624292972,0.806006725807034,4,,,,,,,,
frame298,298,1.85878618329043,-0.599077278114986,3.02277777777778,4.88156396106821,0.619223224746259,4,,,,,,,,
frame299,299,1.53009499957127,-0.48823128943972,3.0384,4.56849499957127,0.665076792310189,4,,,,,,,,
frame300,300,0.960792453983477,-0.305431519839006,3.0499,4.00255807917769,0.761987693786717,4,,,,,,,,
frame1,1,0.140678114022239,0.007793608935491,3.20088235294118,3.16636864060993,1.01090009289777,3,,,,,,,,
frame2,2,0.125874940123943,-0.005213217397311,3.20747058823529,3.21440417417029,0.997842963871591,3,,,,,,,,
frame3,3,0.136338016764948,0.000526587742933,3.21082352941176,3.19853750104991,1.00384113938255,3,,,,,,,,
frame4,4,0.134262467584893,-0.023067301592059,3.19694117647059,3.26087958493601,0.980392281652843,3,,,,,,,,
frame5,5,0.127704110701114,-0.018054394203651,3.194,3.24169440372066,0.985287199291235,3,,,,,,,,
frame6,6,0.109498344568499,-0.017829553720958,3.17117647058823,3.21931512268861,0.985046927602363,3,,,,,,,,
frame7,7,0.102984508631858,-0.006795105453174,3.16082352941176,3.17403417901182,0.995837899387659,3,,,,,,,,
frame8,8,0.113012891055006,-0.005715282366413,3.16511764705882,3.17346117367369,0.997370843329017,3,,,,,,,,
frame9,9,0.137127938136944,0.01016869394321,3.15635294117647,3.11467361804348,1.0133816021337,3,,,,,,,,
frame10,10,0.140528275140974,0.007516032751618,3.15529411764706,3.12016648551775,1.01125825570281,3,,,,,,,,
frame11,11,0.14821150953843,0.019375120753834,3.13941176470588,3.06897413675666,1.02295152217336,3,,,,,,,,
frame12,12,0.197154638650168,0.036654624886383,3.15370588235294,3.02551439426473,1.04237014648855,3,,,,,,,,
frame13,13,0.18021841771972,0.01093574878402,3.15252941176471,3.11107754107189,1.01332395935028,3,,,,,,,,
frame14,14,0.206099971364852,-0.000593209722305,3.13952941176471,3.13986385019427,0.999893486327585,3,,,,,,,,
frame15,15,0.222712479738976,0.035515208114832,3.13447058823529,3.00911225295598,1.04165957423362,3,,,,,,,,
frame16,16,0.303080223107532,-0.007383673627213,3.12335294117647,3.13877433914795,0.995086808956243,3,,,,,,,,
frame17,17,0.284517078164168,0.020062111979416,3.11558823529412,3.04151038944358,1.02435561164205,3,,,,,,,,
frame18,18,0.405923757868617,-0.035325429742729,3.10652941176471,3.2054711844211,0.969133469944368,3,,,,,,,,
frame19,19,0.548329043207789,-0.061880865095775,3.09264705882353,3.2766554138729,0.943842628593076,3,,,,,,,,
frame20,20,0.348611072307102,-0.013643699573417,3.09041176470588,3.12263108448861,0.989681996076075,3,,,,,,,,
frame21,21,0.306502112075896,-0.006041674636582,3.09264705882353,3.09877043293463,0.998023934252753,3,,,,,,,,
frame22,22,0.225847452445039,-0.005199232675131,3.08452941176471,3.09237605150762,0.997462585528984,3,,,,,,,,
frame23,23,0.191414837819755,0.02551472210053,3.087875,2.99556588411547,1.03081525142679,3,,,,,,,,
frame24,24,0.221805414516736,0.003205839969526,3.07158823529412,3.05311292930483,1.00605130121849,3,,,,,,,,
frame25,25,0.167211946018564,0.018294604506575,3.0495625,2.98248445491818,1.02249066041944,3,,,,,,,,
frame26,26,0.239418393140046,-0.014794286596693,3.05670588235294,3.09515751474051,0.987576841500168,3,,,,,,,,
frame27,27,0.175937313113325,0.006526684731847,3.06047058823529,3.03138779982269,1.00959388581504,3,,,,,,,,
frame28,28,0.159051841165728,0.002878353963286,3.04917647058824,3.03107601058794,1.00597162853623,3,,,,,,,,
frame29,29,0.3209045783745,-0.02388135187192,3.06570588235294,3.14085029242853,0.976075137915126,3,,,,,,,,
frame30,30,0.225824822069576,-0.024462643601896,3.063,3.13111707190316,0.97824512136119,3,,,,,,,,
frame31,31,0.356610024782682,-0.064716791502592,3.03870588235294,3.23280881697083,0.939958424513402,3,,,,,,,,
frame32,32,0.424914383011027,-0.083931369386981,3.02388235294118,3.28060909433908,0.921744184078224,3,,,,,,,,
frame33,33,0.401069683716764,-0.059453781803104,3.00741176470588,3.17917749713744,0.945971644368326,3,,,,,,,,
frame34,34,0.344753832607253,-0.031956796404959,2.99382352941176,3.07933783429374,0.972229644980936,3,,,,,,,,
frame35,35,0.324677327498067,-0.026048587846275,2.939,3.01260645958695,0.97556718390724,3,,,,,,,,
frame36,36,0.470235294684503,-0.114775978158812,2.93,3.26960849143663,0.896131756347558,3,,,,,,,,
frame37,37,0.355835064443526,-0.06574212108477,2.89841176470588,3.0770224696188,0.941953395961048,3,,,,,,,,
frame38,38,0.311467001820761,-0.045381820928782,2.87311764705882,2.98013849666536,0.964088632214145,3,,,,,,,,
frame39,39,0.361029422443077,0.000758024016282,2.86470588235294,2.84567187281085,1.00668875766175,3,,,,,,,,
frame40,40,0.129683812210529,0.031034948787478,2.8530625,2.75656587151848,1.03500610287552,3,,,,,,,,
frame41,41,0.424073055739245,0.001636278631628,2.84282352941176,2.8315540988262,1.00397994535589,3,,,,,,,,
frame42,42,0.112760357367285,0.025473265572811,2.841875,2.7614488400529,1.02912462428439,3,,,,,,,,
frame43,43,0.360486649663764,-0.007496412421817,2.84817647058823,2.86478207796657,0.994203535582671,3,,,,,,,,
frame44,44,0.232313013602519,0.019220399555409,2.84088235294118,2.77855350101496,1.02243212229077,3,,,,,,,,
frame45,45,0.321985099549496,0.091810274511667,2.81376470588235,2.54525247584486,1.10549532220703,3,,,,,,,,
frame46,46,0.2058282504536,0.043418132173783,2.79352941176471,2.66438516959102,1.04847056035577,3,,,,,,,,
frame47,47,0.273317300571804,0.036844168399133,2.79658823529412,2.68085119152094,1.04317175236702,3,,,,,,,,
frame48,48,0.413317177417645,0.002268104186645,2.79276470588235,2.77598069675045,1.00604615484234,3,,,,,,,,
frame49,49,0.500566679992685,0.018064897268472,2.79688235294118,2.74052804612995,1.02056330235,3,,,,,,,,
frame50,50,0.564237558408675,-0.019673380060424,2.78394117647059,2.83767225265068,0.98106508736874,3,,,,,,,,
frame51,51,0.480642480739793,-0.01875995871004,2.76941176470588,2.81265531326533,0.98462536509344,3,,,,,,,,
frame52,52,0.309026007716907,0.068940346875495,2.76252941176471,2.56161900374244,1.07843102652219,3,,,,,,,,
frame53,53,0.319962718311895,0.074704080740105,2.75564705882353,2.54009674154894,1.08485909758821,3,,,,,,,,
frame54,54,0.393884603810783,0.021026748022606,2.719,2.65811185991163,1.02290653791011,3,,,,,,,,
frame55,55,0.33117669687424,0.051362581645248,2.683,2.54269126878558,1.05518119047203,3,,,,,,,,
frame56,56,0.364089702068628,0.030997714165094,2.7034375,2.6164658053892,1.03324014188592,3,,,,,,,,
frame57,57,0.296062389376601,0.057538413605343,2.72523529411765,2.56197525243748,1.06372428520722,3,,,,,,,,
frame58,58,0.442862319191679,0.072171041351995,2.71341176470588,2.51128888240881,1.0804857154081,3,,,,,,,,
frame59,59,0.303112864232227,0.074477172343922,2.69782352941176,2.49123973078516,1.0829240944072,3,,,,,,,,
frame60,60,0.417972204794448,-0.028925042091944,2.68311764705882,2.75929511545175,0.9723924171915,3,,,,,,,,
frame61,61,0.403832121866015,-0.034458586155412,2.65923529411765,2.75315977378584,0.965884842368214,3,,,,,,,,
frame62,62,0.442502217083662,-0.046532943952068,2.672125,2.80703454798694,0.951938764671176,3,,,,,,,,
frame63,63,0.501766966234883,0.171896870926647,2.919,2.41723303376512,1.20757906218637,3,,,,,,,,
frame64,64,0.603413800213457,0.201743162893165,2.991,2.38758619978654,1.25272963977904,3,,,,,,,,
frame65,65,0.319205906459965,-0.018650248639678,2.6209375,2.67026049997809,0.981528768455925,3,,,,,,,,
frame66,66,0.115594019463632,0.028844811027965,2.614625,2.53378482711573,1.03190490842756,3,,,,,,,,
frame67,67,0.11956523192434,0.025665393713165,2.59393333333333,2.51934641951436,1.02960566011932,3,,,,,,,,
frame68,68,0.528242878652775,-0.076143769612886,2.5694375,2.78427282001413,0.922839702176513,3,,,,,,,,
frame69,69,0.567761815567697,-0.065569285272965,2.5954375,2.77958781112679,0.933749057903611,3,,,,,,,,
frame70,70,0.524230315908428,-0.058319987315717,2.57735294117647,2.74205942861447,0.939933290387792,3,,,,,,,,
frame71,71,0.315053045950939,0.055354677450931,2.56711764705882,2.42429443189524,1.05891331237845,3,,,,,,,,
frame72,72,0.266640794163424,0.069018337749675,2.5405,2.37074982327178,1.07160189365487,3,,,,,,,,
frame73,73,0.338177358436004,0.055319035939897,2.52823529411765,2.38663027807786,1.05933261525276,3,,,,,,,,
frame74,74,0.67455767757326,-0.058443606597992,2.5091875,2.67222199690491,0.938989164413081,3,,,,,,,,
frame75,75,0.425515211562477,0.03493871269654,2.50125,2.41934018253259,1.03385626298393,3,,,,,,,,
frame76,76,0.414015269271323,0.093396976983636,2.48982352941176,2.26010281497405,1.10164170979998,3,,,,,,,,
frame77,77,0.766601920840099,0.025220103444717,2.5050625,2.45078192092226,1.02214826974785,3,,,,,,,,
frame78,78,0.488858316664697,0.103890445191972,2.5056875,2.24087511137133,1.11817364889497,3,,,,,,,,
frame79,79,0.478428335880413,0.050234076505384,2.46,2.33382175970099,1.05406507149679,3,,,,,,,,
frame80,80,0.387618143010409,0.144320708207404,2.47725,2.11250669456911,1.17265900570568,3,,,,,,,,
frame81,81,0.37344121888882,0.133637533718442,2.46652941176471,2.13068855307062,1.15762081145557,3,,,,,,,,
frame82,82,0.325868990085612,0.131279788517714,2.44673333333333,2.12086434324772,1.15364914362538,3,,,,,,,,
frame83,83,0.336714963754914,0.136188706546103,2.432125,2.09541003624509,1.16069168226296,3,,,,,,,,
frame84,84,0.382976203025204,0.155319891057353,2.4271875,2.0442112969748,1.18734668162336,3,,,,,,,,
frame85,85,0.29766170162416,0.112621889162322,2.4524,2.1728829709757,1.12863878669857,3,,,,,,,,
frame86,86,0.905589408140699,0.323540338742658,2.799,1.8934105918593,1.4782847481863,3,,,,,,,,
frame87,87,0.30654337756187,0.127339740939384,2.39373333333333,2.08718995577146,1.14686894056491,3,,,,,,,,
frame88,88,0.286540336226472,0.11888044470111,2.386125,2.09958466377353,1.13647477102042,3,,,,,,,,
frame89,89,0.416620190211418,0.092989735890566,2.3759375,2.15509482611683,1.10247468984049,3,,,,,,,,
frame90,90,0.412568335102063,0.092131847378145,2.359125,2.14185761005515,1.10143876461482,3,,,,,,,,
frame91,91,0.361203544490363,0.078359224388228,2.357625,2.17408980733087,1.0844193243767,3,,,,,,,,
frame92,92,0.276509008828049,0.116897360640458,2.34193333333333,2.06542432450528,1.13387515850733,3,,,,,,,,
frame93,93,0.188515820866839,0.058925443482184,2.3334375,2.19499411010164,1.06307232865055,3,,,,,,,,
frame94,94,0.182936687100669,0.077180767821273,2.3334,2.15046331289933,1.08506849942677,3,,,,,,,,
frame95,95,0.169152431972379,0.056284423268163,2.302875,2.17187153835427,1.06031823675216,3,,,,,,,,
frame96,96,0.174475552942897,0.052960560110378,2.2976875,2.17344033685668,1.05716612553672,3,,,,,,,,
frame97,97,0.247564366375066,0.031432607841672,2.2901875,2.21876419599865,1.03219057894036,3,,,,,,,,
frame98,98,0.129779994827556,0.045806468118134,2.285875,2.18045017747508,1.0483500258864,3,,,,,,,,
frame99,99,0.182353644661921,0.079049290844214,2.2809375,2.09858385533808,1.08689366603011,3,,,,,,,,
frame100,100,0.149265157343409,0.057312757288162,2.2674375,2.13585854739428,1.06160471289929,3,,,,,,,,
frame101,101,0.154162250018241,0.06331367678387,2.264875,2.11791272509048,1.06939014680279,3,,,,,,,,
frame102,102,0.144742703634532,0.06202749159111,2.23913333333333,2.0965238469967,1.06802187656531,3,,,,,,,,
frame103,103,0.152527311327255,0.067178627518247,2.23173333333333,2.07920602200608,1.07335844053592,3,,,,,,,,
frame104,104,0.167988551446446,0.073409526131102,2.23686666666667,2.06887811522022,1.08119789668159,3,,,,,,,,
frame105,105,0.184658502162257,0.050825852847033,2.24575,2.12620175000159,1.05622620242802,3,,,,,,,,
frame106,106,0.234062904484034,0.039244803967734,2.2400625,2.14960319162858,1.04208186363125,3,,,,,,,,
frame107,107,0.280797959998206,0.035660306235782,2.2246875,2.14484281497344,1.03722635732052,3,,,,,,,,
frame108,108,0.299886987131966,0.028689078296105,2.2375,2.17599749326826,1.02826405219767,3,,,,,,,,
frame109,109,0.182497520403051,0.079635086453701,2.24571428571429,2.06321676531123,1.08845290687405,3,,,,,,,,
frame110,110,0.145468109353011,0.063060935624992,2.24771428571429,2.10224617636127,1.06919651513164,3,,,,,,,,
frame111,111,0.159852839934317,0.069632749432393,2.2226,2.06442388787585,1.07661997763788,3,,,,,,,,
frame112,112,0.221271660794891,0.09539342118777,2.2278,2.01072550414215,1.10795829436225,3,,,,,,,,
frame113,113,0.224792227225191,0.06387410577168,2.2290625,2.08417344108158,1.06951871473961,3,,,,,,,,
frame114,114,0.170754171727809,0.047316905964419,2.25486666666667,2.14744043292282,1.05002524498322,3,,,,,,,,
frame115,115,0.226093432481638,0.098807914335963,2.25686666666667,2.03077323418503,1.11133366772601,3,,,,,,,,
frame116,116,0.254633571879338,0.111097318964709,2.258,2.00336642812066,1.12710284464446,3,,,,,,,,
frame117,117,0.252557208861103,0.110131960460208,2.26446666666667,2.01190945780556,1.12553110075668,3,,,,,,,,
frame118,118,0.259399838665494,0.113308036353224,2.26426666666667,2.00486682800117,1.12938507188735,3,,,,,,,,
frame119,119,0.263183878066874,0.114924622078599,2.25346666666667,1.99028278859979,1.13223441391061,3,,,,,,,,
frame120,120,0.232323491413091,0.103231818350073,2.22828571428571,1.99596222287262,1.11639673774924,3,,,,,,,,
frame121,121,0.230838793815388,0.10174405767313,2.2566,2.02576120618461,1.11395163117481,3,,,,,,,,
frame122,122,0.262998762305463,0.11445489764692,2.254,1.99100123769454,1.13209372115208,3,,,,,,,,
frame123,123,0.249976813861977,0.107850105598635,2.25946666666667,2.00948985280469,1.12439814687946,3,,,,,,,,
frame124,124,0.264206614225114,0.114741775453311,2.25353333333333,1.98932671910822,1.1328120774166,3,,,,,,,,
frame125,125,0.291725425203169,0.125358040829366,2.27926666666667,1.9875412414635,1.14677704246698,3,,,,,,,,
frame126,126,0.217836960033953,0.092978449119456,2.26606666666667,2.04822970663271,1.10635377434891,3,,,,,,,,
frame127,127,0.194735777133199,0.085401534271363,2.25926666666667,2.06453088953347,1.094324467665,3,,,,,,,,
frame128,128,0.265830902281437,0.115626945277119,2.26993333333333,2.0041024310519,1.13264337099871,3,,,,,,,,
frame129,129,0.236228469890432,0.102695901614986,2.26613333333333,2.0299048634429,1.11637415828925,3,,,,,,,,
frame130,130,0.269865028566904,0.116966953692545,2.26226666666667,1.99240163809976,1.13544710233439,3,,,,,,,,
frame131,131,0.276573625824081,0.120574230842475,2.2682,1.99162637417592,1.13886822820295,3,,,,,,,,
frame132,132,0.254942878381899,0.109856071868158,2.26121428571429,2.00627140733239,1.12707297599425,3,,,,,,,,
frame133,133,0.186902697968321,0.078212105023591,2.27453333333333,2.08982704723251,1.08838352740502,3,,,,,,,,
frame134,134,0.223441662381086,0.095775305815346,2.272,2.04855833761891,1.10907263819531,3,,,,,,,,
frame135,135,0.192232996425774,0.080708962402738,2.26846666666667,2.07876011128204,1.0912594745084,3,,,,,,,,
frame136,136,0.168832501462962,0.060738168637983,2.26986666666667,2.12416269127144,1.06859360443244,3,,,,,,,,
frame137,137,0.180285814238409,0.074774453922067,2.26926666666667,2.09363804860197,1.08388681041691,3,,,,,,,,
frame138,138,0.180701396433677,0.072060288217067,2.25657142857143,2.08693080146029,1.08128713563116,3,,,,,,,,
frame139,139,0.191051801337565,0.072708855449796,2.26826666666667,2.09688552392058,1.08173128231896,3,,,,,,,,
frame140,140,0.213142499253992,0.085808404538814,2.2695,2.06769642515349,1.09759826074639,3,,,,,,,,
frame141,141,0.233534253073752,0.095519087132579,2.27528571428571,2.05087693181844,1.10942089161259,3,,,,,,,,
frame142,142,0.227804323269288,0.094037526026695,2.25785714285714,2.03773069741896,1.10802528799169,3,,,,,,,,
frame143,143,0.211096829892807,0.087109198193266,2.26528571428571,2.0623775434032,1.09838556065137,3,,,,,,,,
frame144,144,0.216720315602638,0.083929464181161,2.24084615384615,2.04689685409187,1.09475284471055,3,,,,,,,,
frame145,145,0.52790530615577,0.151086698850101,2.518,1.99474660397161,1.26231572220079,3,,,,,,,,
frame146,146,0.52351055059596,0.15153497120617,2.52892857142857,2.00694469279118,1.26008882083912,3,,,,,,,,
frame147,147,0.526803830806331,0.14883278195573,2.51135714285714,2.00165679516869,1.25463923132012,3,,,,,,,,
frame148,148,0.570959776078734,0.167228085043917,2.52971428571429,1.96421973488395,1.28789780531542,3,,,,,,,,
frame149,149,0.473816044708154,0.123450710066043,2.52507142857143,2.07154948947086,1.21892884597047,3,,,,,,,,
frame150,150,0.199805438050906,0.067376440708554,2.25246153846154,2.09485151263419,1.07523684847197,3,,,,,,,,
frame151,151,0.192305309873069,0.058061211462175,2.2645,2.12714733563056,1.06457129793914,3,,,,,,,,
frame152,152,0.180902582601774,0.050106479584743,2.22746153846154,2.11083355782588,1.05525209707002,3,,,,,,,,
frame153,153,0.202522557513038,0.040916288323959,2.23433333333333,2.13344375634283,1.04728954147048,3,,,,,,,,
frame154,154,0.176133492025728,0.06184324242966,2.25821428571429,2.1141610873126,1.06813728587957,3,,,,,,,,
frame155,155,0.184488293274619,0.056621522069797,2.23723076923077,2.10621314328599,1.06220530261262,3,,,,,,,,
frame156,156,0.183751584417537,0.059862667577075,2.20116666666667,2.06636346918814,1.06523692442719,3,,,,,,,,
frame157,157,0.209157827032614,0.06688152157382,2.18838461538462,2.03661634530535,1.07451981342932,3,,,,,,,,
frame158,158,0.193623384427601,0.072805886487005,2.19225,2.02918543911571,1.08035961511499,3,,,,,,,,
frame159,159,0.22722679742688,0.086008506711797,2.2345,2.03248015324143,1.09939572912256,3,,,,,,,,
frame160,160,0.18974221713334,0.074187333032352,2.21857142857143,2.0482192495872,1.08317087099858,3,,,,,,,,
frame161,161,0.156915573097356,0.065885482595568,2.2045,2.05620224386058,1.07212216433583,3,,,,,,,,
frame162,162,0.13984257696271,0.059097546660734,2.20057142857143,2.06802464802583,1.06409342396965,3,,,,,,,,
frame163,163,0.146734951823837,0.059489536780655,2.20071428571429,2.06736832845276,1.06450033863164,3,,,,,,,,
frame164,164,0.125390806855232,0.048346924580285,2.19735714285714,2.08849836620492,1.05212298865717,3,,,,,,,,
frame165,165,0.123585647233797,0.039083816438943,2.18885714285714,2.10045021414629,1.04208951400773,3,,,,,,,,
frame166,166,0.130918428371028,0.042427187090067,2.2042,2.10697108028852,1.04614630007079,3,,,,,,,,
frame167,167,0.129755779741705,0.03710267747514,2.18592857142857,2.1023428591462,1.03975836382669,3,,,,,,,,
frame168,168,0.102998658325058,0.020722936215413,2.17671428571429,2.12893647019571,1.02244210486665,3,,,,,,,,
frame169,169,0.133795640935722,0.048141923877105,2.2015,2.09332177825529,1.05167777972237,3,,,,,,,,
frame170,170,0.114236886117799,0.037404389701337,2.19628571428571,2.11282310228621,1.03950288687642,3,,,,,,,,
frame171,171,0.132411158423645,0.059699564493162,2.18571428571429,2.05553984467082,1.06332859048242,3,,,,,,,,
frame172,172,0.192101201621557,0.088194619212915,2.16207692307692,1.96997572145537,1.09751450209733,3,,,,,,,,
frame173,173,0.15730217735086,0.072734002303897,2.15145454545455,1.99415236810369,1.07888172431901,3,,,,,,,,
frame174,174,0.223108783538033,0.10309196441248,2.152,1.92889121646197,1.1156668564997,3,,,,,,,,
frame175,175,0.225669969088305,0.104375849628763,2.14916666666667,1.92349669757836,1.11732277438917,3,,,,,,,,
frame176,176,0.327151791647085,0.152811257775955,2.13491666666667,1.80776487501958,1.18097032206334,3,,,,,,,,
frame177,177,0.32226322256905,0.151336250122788,2.12491666666667,1.80265344409762,1.17877159008251,3,,,,,,,,
frame178,178,0.338405757619734,0.161010180903567,2.1013,1.76289424238027,1.19196032835346,3,,,,,,,,
frame179,179,0.255160076598043,0.121923527589575,2.09736363636364,1.84220355976559,1.13850807922145,3,,,,,,,,
frame180,180,0.234050476281803,0.106795549894381,2.10572727272727,1.88015933439502,1.11997277794801,3,,,,,,,,
frame181,181,0.290544940626346,0.132750403802525,2.08833333333333,1.81201391931224,1.15249298643687,3,,,,,,,,
frame182,182,0.257735082998557,0.123903359524418,2.07272727272727,1.81499218972872,1.14200341161638,3,,,,,,,,
frame183,183,0.250386449516458,0.121186825181847,2.06118181818182,1.81079536866536,1.13827429308095,3,,,,,,,,
frame184,184,0.23821566042272,0.100366253684727,2.037,1.83430955950779,1.11049958249501,3,,,,,,,,
frame185,185,0.243776139932469,0.117713595154987,2.06208333333333,1.81830719340086,1.13406763214555,3,,,,,,,,
frame186,186,0.261902582765225,0.126870380174661,2.05254545454545,1.79064287178023,1.14626176268462,3,,,,,,,,
frame187,187,0.265266217213218,0.12823305570824,2.05290909090909,1.78764287369587,1.14838882033792,3,,,,,,,,
frame188,188,0.183694093748744,0.079400822325946,2.04045454545455,1.87689709792362,1.08714246919123,3,,,,,,,,
frame189,189,0.410799555570416,0.069377194434067,2.04027272727273,1.90199156614225,1.07270335136709,3,,,,,,,,
frame190,190,0.268458616281162,0.101124782008259,2.02918181818182,1.82313579803332,1.11301737389544,3,,,,,,,,
frame191,191,0.219348319387769,0.049646063797822,2.04075,1.94038637397654,1.05172352649425,3,,,,,,,,
frame192,192,0.325472419508717,0.009310649789671,2.039,2.0246058547907,1.00710960366693,3,,,,,,,,
frame193,193,0.602702097514574,-0.035876901774976,2.027,2.11390764522883,0.958887681103294,3,,,,,,,,
frame194,194,0.200450067913942,0.09946978257889,2.01436363636364,1.81391356844969,1.11050695656092,3,,,,,,,,
frame195,195,0.396841002593408,0.111671235884973,2.00372727272727,1.78294770378136,1.12382840420819,3,,,,,,,,
frame196,196,0.459860819765343,0.228543190439936,2.01308333333333,1.55322251356799,1.29606886054528,3,,,,,,,,
frame197,197,0.398435353054915,0.199068941650312,1.99908333333333,1.60064798027842,1.24892128560685,3,,,,,,,,
frame198,198,0.379883724891913,0.192131513716776,1.97636363636364,1.59647991147172,1.23795083305603,3,,,,,,,,
frame199,199,0.342187840248738,0.172260951332558,1.98541666666667,1.64322882641793,1.20824113765986,3,,,,,,,,
frame200,200,0.314241643332537,0.159403218306154,1.96681818181818,1.65257653848564,1.19015255028399,3,,,,,,,,
frame201,201,0.351307844231847,0.180043821307181,1.95518181818182,1.60387397394997,1.21903706272299,3,,,,,,,,
frame202,202,0.346466139365934,0.178466619348505,1.94109090909091,1.59462476972497,1.21727126402639,3,,,,,,,,
frame203,203,0.45154325735486,0.23434590176983,1.9303,1.47875674264514,1.30535330411894,3,,,,,,,,
frame204,204,0.345062008359199,0.1789324246164,1.93090909090909,1.58584708254989,1.21758844982984,3,,,,,,,,
frame205,205,0.309937610422809,0.16044623123376,1.93627272727273,1.62633511684992,1.19057425939565,3,,,,,,,,
frame206,206,0.451887198946541,0.233561727564733,1.93572727272727,1.48384007378073,1.3045390180056,3,,,,,,,,
frame207,207,0.540466181222843,0.281386674967515,1.92154545454545,1.38107927332261,1.39133610333793,3,,,,,,,,
frame208,208,0.420609931255386,0.219250921528184,1.92254545454545,1.50193552329007,1.28004526474879,3,,,,,,,,
frame209,209,0.388358410301308,0.203475658453142,1.91490909090909,1.52655068060778,1.2544025660168,3,,,,,,,,
frame210,210,0.49351606371192,0.257747489252503,1.9186,1.42508393628808,1.34630666387089,3,,,,,,,,
frame211,211,0.442782724723987,0.232416689563579,1.90709090909091,1.46430818436692,1.30238356204737,3,,,,,,,,
frame212,212,0.522447426847772,0.276083099316088,1.8968,1.37435257315223,1.38014075649415,3,,,,,,,,
frame213,213,0.698445435603581,0.367824420268701,1.902,1.20355456439642,1.58031887898149,3,,,,,,,,
frame214,214,0.655168534802078,0.34432230065699,1.90472727272727,1.2495587379252,1.52431991783751,3,,,,,,,,
frame215,215,0.669133092300537,0.352225681957157,1.90336363636364,1.2342305440631,1.54214595119138,3,,,,,,,,
frame216,216,0.611895866214174,0.324042976349557,1.89318181818182,1.28128595196764,1.47756386095898,3,,,,,,,,
frame217,217,0.701310658943491,0.370430882290247,1.8965,1.19518934105651,1.58677787263695,3,,,,,,,,
frame218,218,0.55408001931491,0.293144160727437,1.8933,1.33921998068509,1.41373338757346,3,,,,,,,,
frame219,219,0.548825294652966,0.290352559127364,1.8944,1.34557470534703,1.40787426552539,3,,,,,,,,
frame220,220,0.55644473454791,0.294500956269566,1.8927,1.33625526545209,1.41642098552154,3,,,,,,,,
frame221,221,0.555984107327719,0.293102538968605,1.8992,1.34321589267228,1.41392013775359,3,,,,,,,,
frame222,222,0.474711122374952,0.249704091595328,1.90422222222222,1.42951109984727,1.33207935386138,3,,,,,,,,
frame223,223,0.421315919009375,0.221768663376946,1.9051,1.48378408099062,1.28394691950603,3,,,,,,,,
frame224,224,0.403806863729133,0.211601303035154,1.907,1.50319313627087,1.26863272189421,3,,,,,,,,
frame225,225,0.469285646887129,0.245669410184322,1.9095,1.44021435311287,1.32584430635122,3,,,,,,,,
frame226,226,0.604309343394918,0.314212785842529,1.9225,1.31819065660508,1.45843849701627,3,,,,,,,,
frame227,227,0.307314843047467,0.160132023814312,1.9217,1.61438515695253,1.19036030015761,3,,,,,,,,
frame228,228,0.317217367001899,0.164503388179118,1.9289,1.6116826329981,1.1968237173418,3,,,,,,,,
frame229,229,0.331738918744653,0.17060527939426,1.94311111111111,1.61137219236646,1.20587355318417,3,,,,,,,,
frame230,230,0.304583493112465,0.156204442969966,1.94811111111111,1.64352761799865,1.18532301482306,3,,,,,,,,
frame231,231,0.380036144803842,0.192237332234568,1.9714,1.59136385519616,1.23881159771409,3,,,,,,,,
frame232,232,0.464680059437674,0.234441271795748,1.9766,1.51191994056233,1.30734435532668,3,,,,,,,,
frame233,233,0.561825290867539,0.280995112883938,1.9954,1.43357470913246,1.39190513566435,3,,,,,,,,
frame234,234,0.358063225295841,0.179122515626921,1.9926,1.63453677470416,1.21906097852136,3,,,,,,,,
frame235,235,0.298317294779068,0.141593903485215,2.0082,1.72410397123237,1.16477894228418,3,,,,,,,,
frame236,236,0.277390623292668,0.104997051469997,2.0146,1.80351527576022,1.1170407187989,3,,,,,,,,
frame237,237,1.01698851302964,0.348403053453113,2.919,1.90201148697036,1.53469104681884,3,,,,,,,,
frame238,238,0.234342635830704,0.115041512218279,2.03055555555556,1.79621291972485,1.13046484259038,3,,,,,,,,
frame239,239,0.240972307727982,0.119149651709458,2.02844444444444,1.78747213671646,1.13481178407102,3,,,,,,,,
frame240,240,0.226984663730849,0.112131407514227,2.02925,1.80226533626915,1.12594408778939,3,,,,,,,,
frame241,241,0.186079425907683,0.091636527236765,2.036125,1.85004557409232,1.10058099568654,3,,,,,,,,
frame242,242,0.278373627211092,0.13605018066987,2.046625,1.76825137278891,1.15742876352022,3,,,,,,,,
frame243,243,0.203663387889282,0.099564128022393,2.05088888888889,1.84722550099961,1.11025366842276,3,,,,,,,,
frame244,244,0.204696556551294,0.100603312256711,2.05144444444444,1.84674788789315,1.11084163566301,3,,,,,,,,
frame245,245,0.174535902930494,0.085810109907985,2.05333333333333,1.87879743040284,1.09289766959766,3,,,,,,,,
frame246,246,0.844587210765071,0.287960180963202,2.933,2.08841278923493,1.40441583920508,3,,,,,,,,
frame247,247,0.095165751921598,0.034320977282405,2.066625,1.99609886364241,1.03533198562565,3,,,,,,,,
frame248,248,0.961975245574515,0.323244370152727,2.976,2.01402475442549,1.47763824325433,3,,,,,,,,
frame249,249,0.148108149480729,0.072680197433881,2.063,1.91489185051927,1.07734543830272,3,,,,,,,,
frame250,250,0.11953770523256,0.057849551397012,2.070625,1.95108729476744,1.0612672254866,3,,,,,,,,
frame251,251,0.870351544966724,0.296744474928989,2.933,2.06264845503328,1.42195825606777,3,,,,,,,,
frame252,252,0.222077488307476,0.105627325457113,2.07275,1.85067251169252,1.11999826382269,3,,,,,,,,
frame253,253,0.14372528802409,0.067642913556281,2.06775,1.92402471197591,1.07470033369607,3,,,,,,,,
frame254,254,0.0686964751873,0.03176784556432,2.06925,2.00203117950679,1.03357531150427,3,,,,,,,,
frame255,255,0.139901113766263,0.060202016471087,2.08390909090909,1.95639724038883,1.06517687097888,3,,,,,,,,
frame256,256,0.554246585041951,0.197100492546924,2.812,2.25775341495805,1.24548588050846,3,,,,,,,,
frame257,257,0.125108855966707,0.053289562546863,2.0682,1.95385591713788,1.05852226966133,3,,,,,,,,
frame258,258,0.573064107167906,0.204738873586247,2.799,2.22593589283209,1.25744861251992,3,,,,,,,,
frame259,259,0.672523230423976,0.230395077226439,2.919,2.24647676957602,1.29936798792311,3,,,,,,,,
frame260,260,0.778379970743704,0.262788646436092,2.962,2.1836200292563,1.35646310269869,3,,,,,,,,
frame261,261,0.66691333824441,0.2339226019798,2.851,2.18408666175559,1.30535113369006,3,,,,,,,,
frame262,262,0.653425367522374,0.228071681508682,2.865,2.21157463247763,1.29545707295003,3,,,,,,,,
frame263,263,0.683884680294047,0.243202233390486,2.812,2.12811531970595,1.32135696499217,3,,,,,,,,
frame264,264,0.572926702349862,0.205571116738379,2.787,2.21407329765014,1.25876591482221,3,,,,,,,,
frame265,265,0.170336419452461,0.07856637552505,2.089375,1.92096879500388,1.08766732985674,3,,,,,,,,
frame266,266,0.737747078194161,0.255099266318866,2.892,2.15425292180584,1.34246075320429,3,,,,,,,,
frame267,267,0.161571716297413,0.07369842558963,2.098375,1.93984556609171,1.0817227085905,3,,,,,,,,
frame268,268,0.191546496411215,0.08833798531079,2.105625,1.91466708730798,1.0997342639657,3,,,,,,,,
frame269,269,0.182978164816309,0.08479257276429,2.103875,1.92089683518369,1.09525663297728,3,,,,,,,,
frame270,270,0.093694367428315,0.03784149781283,2.097875,2.01453371095002,1.04137001460783,3,,,,,,,,
frame271,271,0.14826012193826,0.069296571853335,2.087,1.93873987806174,1.07647241572525,3,,,,,,,,
frame272,272,0.171110788074908,0.080310839396115,2.086375,1.91526421192509,1.08934056565643,3,,,,,,,,
frame273,273,0.249232475181542,0.116545004597732,2.09425,1.84501752481846,1.13508406929959,3,,,,,,,,
frame274,274,0.753251494405226,0.26541631233447,2.838,2.08474850559477,1.36131528209938,3,,,,,,,,
frame275,275,0.254738436604869,0.119386734594805,2.097125,1.84238656339513,1.13826546592667,3,,,,,,,,
frame276,276,0.232550271831876,0.10932347291247,2.091125,1.85857472816812,1.12512290644406,3,,,,,,,,
frame277,277,0.148097852424718,0.069285791552115,2.089875,1.94177714757528,1.07626923234196,3,,,,,,,,
frame278,278,0.215330649274762,0.100456925889484,2.101625,1.88629435072524,1.11415538046433,3,,,,,,,,
frame279,279,0.197518382351945,0.091925355426419,2.1045,1.90698161764806,1.1035764479972,3,,,,,,,,
frame280,280,0.186303506453933,0.087046601884037,2.104125,1.91782149354607,1.09714329883198,3,,,,,,,,
frame281,281,0.213845489882454,0.100207945070548,2.105875,1.89202951011755,1.11302439456622,3,,,,,,,,
frame282,282,0.239313699431169,0.112622910439712,2.094125,1.85481130056883,1.12902320541059,3,,,,,,,,
frame283,283,0.224114359296623,0.105683371465674,2.083125,1.85901064070338,1.12055571624476,3,,,,,,,,
frame284,284,0.217150256375446,0.102475660967947,2.0865,1.86934974362455,1.11616352537348,3,,,,,,,,
frame285,285,0.228900588907139,0.107687681439113,2.09125,1.86234941109286,1.12290958267215,3,,,,,,,,
frame286,286,0.182931992651294,0.086058685818742,2.093125,1.91019300734871,1.09576623511213,3,,,,,,,,
frame287,287,0.176153686522687,0.082307455783722,2.0995,1.92334631347731,1.09158708719711,3,,,,,,,,
frame288,288,0.205768870828953,0.096069389311075,2.1,1.89423112917105,1.10862923096349,3,,,,,,,,
frame289,289,0.175263556557738,0.081576169494108,2.10175,1.92648644344226,1.09097575389348,3,,,,,,,,
frame290,290,0.155313686415531,0.071843644462014,2.101375,1.94606131358447,1.07980924615857,3,,,,,,,,
frame291,291,0.124126059500353,0.055838557039553,2.108375,1.98694250805929,1.06111525192509,3,,,,,,,,
frame292,292,0.125326439364486,0.05809331353255,2.099625,1.97429856063551,1.06347897013314,3,,,,,,,,
frame293,293,0.139666616191692,0.064231550006011,2.10375,1.96474890712889,1.07074750995751,3,,,,,,,,
frame294,294,0.593838015653713,0.128859569200479,2.566875,1.97904532584517,1.29702688790303,3,,,,,,,,
frame295,295,0.585586052479041,0.138292095943727,2.55,1.96477940353844,1.29785562460988,3,,,,,,,,
frame296,296,0.664499635200842,0.163863999407737,2.557375,1.89287536479916,1.35105303157208,3,,,,,,,,
frame297,297,0.664080198120044,0.160571571605232,2.65457142857143,1.99049123045138,1.33362628679828,3,,,,,,,,
frame298,298,0.284153635642099,0.088523260738438,2.60142857142857,2.31727493578647,1.12262404915956,3,,,,,,,,
frame299,299,0.163788845307113,0.071570215625568,2.10042857142857,1.94439509600551,1.08024782398578,3,,,,,,,,
frame300,300,0.528527447940313,0.125545224145637,2.55214285714286,2.0278649839217,1.25853687369622,3,,,,,,,,
